id,latitude,longitude,label
0,33.524521,-86.774322,15
1,33.1984907123707,-87.5621551272424,15
2,33.5128492349817,-86.7914000624146,15
3,34.7277523,-86.59320140000001,114
6,32.2467372722906,-110.992750525872,18
9,32.201608314954,-110.82177857113399,18
10,32.2504946147872,-111.005452051979,18
11,35.2500282,-112.18921680000001,44
12,34.4689736300844,-114.34243347788099,87
13,33.668774497683394,-112.238054093359,124
16,33.516633,-112.0301125,124
18,34.7594277548278,-92.2726892120821,58
19,34.742845,-92.260019,58
20,36.3326432,-92.3599724,130
23,33.02391,-117.08575,10
24,37.6783911404914,-121.721097428074,57
26,33.7998367777778,-117.896089444444,94
28,36.301467555555604,-119.78471100000002,68
29,37.780654999999996,-122.3969947,57
33,36.8535938163265,-121.400836918367,57
34,37.3253017839889,-121.88234782361201,57
35,32.641495,-117.08036899999999,10
38,34.1674435,-118.15955670000001,123
40,34.0363873913043,-118.223301521739,123
41,37.6989500360251,-121.814589292069,57
42,32.755722999999996,-117.12873200000001,10
43,34.060340102630704,-117.217577166632,94
46,38.5332279038371,-121.483117319123,3
47,37.315251291037,-121.866477333785,57
48,37.36253839160821,-121.95031675758601,57
50,33.524521,-86.774322,15
51,33.1984907123707,-87.5621551272424,15
52,33.5128492349817,-86.7914000624146,15
53,34.7277523,-86.59320140000001,114
56,32.2467372722906,-110.992750525872,18
59,32.201608314954,-110.82177857113399,18
60,32.2504946147872,-111.005452051979,18
61,35.2500282,-112.18921680000001,44
62,34.4689736300844,-114.34243347788099,87
63,33.668774497683394,-112.238054093359,124
66,33.516633,-112.0301125,124
68,34.7594277548278,-92.2726892120821,58
69,34.742845,-92.260019,58
70,36.3326432,-92.3599724,130
73,33.02391,-117.08575,10
74,37.6783911404914,-121.721097428074,57
76,33.7998367777778,-117.896089444444,94
78,36.301467555555604,-119.78471100000002,68
79,37.780654999999996,-122.3969947,57
83,36.8535938163265,-121.400836918367,57
84,37.3253017839889,-121.88234782361201,57
85,32.641495,-117.08036899999999,10
88,34.1674435,-118.15955670000001,123
90,34.0363873913043,-118.223301521739,123
91,37.6989500360251,-121.814589292069,57
92,32.755722999999996,-117.12873200000001,10
93,34.060340102630704,-117.217577166632,94
96,38.5332279038371,-121.483117319123,3
97,37.315251291037,-121.866477333785,57
98,37.36253839160821,-121.95031675758601,57
102,34.134155,-118.001973040816,123
103,38.06828367333871,-122.535014356985,127
106,38.57198820000001,-121.54111999999999,3
107,32.709922999999996,-116.87742,10
112,33.8044209,-118.21562320000001,123
113,37.757743700000006,-122.3880818,57
115,32.8908008085346,-117.151828378447,10
116,38.952499158384,-121.081368585457,3
117,32.912641,-117.230519,10
118,33.0762994189637,-116.590154368311,10
119,33.2136973549748,-117.352957287439,10
120,34.097638082168395,-117.754146518132,94
122,37.6511615833333,-122.49102166666701,57
123,33.141537,-117.14914099999999,10
124,38.24248400000001,-122.04154399999999,127
125,33.133904,-117.269558,10
126,36.9822865,-121.9405748,57
128,38.294506,-122.47778799999999,127
129,38.9118004,-120.0074997,83
136,32.8957500613992,-117.13746697090599,10
137,34.278159204081604,-119.299444632653,35
138,38.654368100000006,-121.49088020000002,3
141,34.4555624289373,-118.58078679473499,123
145,39.5659575,-104.9426656,61
148,39.9864294285714,-104.82243299999999,61
153,38.8326073,-104.81897061234699,61
154,39.782516799999996,-105.00240947511101,61
155,39.698793755102,-105.00162900000001,61
156,39.964883,-105.119781,61
158,40.3714876,-105.52613170000001,14
159,32.7018758,-117.14147121679301,10
163,40.5620458,-105.0380013,14
168,38.889659925238,-104.71460451346701,61
169,39.7615104,-104.98121809999999,61
170,40.58916845,-105.058489475164,14
171,40.387892,-104.7859342,14
175,40.0203098,-105.21831359999999,61
177,38.2624164489796,-104.610367714286,144
179,41.5974763265155,-73.0575366209305,4
181,41.848728289720896,-72.5714790446604,134
182,41.393211668667796,-72.9195534130741,4
183,41.2731614754047,-73.44388491116351,4
184,41.296957858542704,-72.7720276806763,4
186,38.9307888466891,-75.45083871180701,141
187,38.8716537346939,-77.0065830204082,20
188,29.617811956914807,-81.1928702816799,24
189,28.005127,-82.45938100000002,62
190,27.2700131176471,-82.4975180588235,62
191,27.922973100000004,-82.2695872,62
192,28.01394225,-82.7840735,62
194,27.766635437218,-82.66222157785809,62
196,28.355795,-80.7473064,33
197,27.8222578098218,-82.66998676308009,62
199,26.040565700000002,-80.1658845,9
200,28.7036668145749,-81.34505280244291,33
201,25.895066500000002,-80.2626834,9
202,27.4908762853266,-82.57129,62
203,26.2323404937182,-80.1247919998543,9
205,28.567899,-81.3485175701754,33
210,33.4025703529412,-84.76356641176471,73
211,32.8762576310151,-85.1853615243903,73
215,33.6113894489796,-85.10249657142859,73
216,33.9811401213053,-83.35002287013509,73
222,48.2762009795918,-116.54917522449,12
223,43.6130136314097,-116.21450326362302,47
225,41.9054974203246,-88.02234574331871,59
227,41.779049075688704,-87.85833464402798,59
235,41.645057495366004,-88.07788063509341,59
236,41.7763011,-87.9817647,59
237,41.9189269656549,-87.72538437355641,59
239,42.421121400638704,-89.01015781704679,113
240,38.3353199424359,-90.15032875985321,50
241,41.59928343475672,-87.26887785535891,59
245,40.04439779999999,-85.9962796,8
247,39.7645504924982,-86.14585024851161,8
255,41.5592441864407,-90.483443779661,17
256,42.8548668119706,-91.40608352720741,89
258,42.483293244898,-91.4577792857143,89
260,43.3065402420925,-91.7962545003461,106
262,41.5936597,-93.74895170024121,145
264,39.06706165,-95.66637419877979,42
265,38.40521995918369,-96.1813070612245,77
269,38.0565233673469,-84.4822984081633,148
271,30.176264387755104,-93.2051513265306,116
272,32.515706,-93.732075,91
274,29.9521547,-90.09759137411541,11
276,43.707674157151395,-70.314848130679,107
278,44.79146596065829,-68.7695709213165,23
287,38.95194398954778,-76.94074113873909,20
289,39.55045197242379,-77.05229796029721,20
290,39.093617150381704,-77.1340180802385,20
293,42.093595,-73.351236,111
294,42.3923659,-72.7305059,134
297,42.27880435,-71.40187087942391,30
299,42.640349969697,-71.32464812121209,30
301,42.17226304602521,-71.2072322984867,82
304,42.457064488926896,-73.2120230280269,111
305,42.2950789,-85.5715368,38
312,42.871424289606296,-84.9032148381293,146
314,42.293244705882394,-85.5831588823529,38
326,43.417722999999995,-83.9640135102041,146
327,42.25286249618321,-83.73385303816791,90
328,42.841188877551,-85.5783306530612,125
329,42.487265313131296,-83.1405958686869,90
332,41.9427559,-86.5561575,138
337,42.0128666818182,-86.51963025,138
338,42.4554252170515,-83.6509930768823,90
339,44.9510655128205,-93.08803482051279,5
345,46.4983497833438,-94.29766266083081,112
346,45.1890903,-93.1064135,5
347,44.9689387,-93.27946290000001,5
349,45.12605142857139,-93.42589842857141,5
351,45.2595823784151,-94.1194613181467,5
353,44.9040455,-93.16550009999999,5
354,30.367827000000002,-89.09540701614559,11
362,39.1100614,-94.5799451187632,42
363,39.411378000000006,-94.899934,42
364,46.548076086691296,-110.900486489644,34
366,47.3822191883646,-110.92985271363001,34
368,45.1972705301205,-109.24653926506001,16
370,41.2544908163265,-95.930905244898,75
374,40.785692499999996,-96.7167126,75
375,39.248193280866396,-119.953711697581,83
378,39.5333757755102,-119.802684979592,83
381,43.409129,-71.717004,126
383,42.7544214,-71.4598818883104,30
386,39.086856,-74.8194635306123,141
387,39.84934724781971,-75.1422203358405,55
389,39.8990962932246,-74.82362555912209,55
390,40.078031407046794,-74.8584192483396,55
391,39.6385625,-74.8114726140078,55
393,35.083957,-106.65429499999999,29
396,35.1149330204082,-106.613687816327,29
398,35.1022749,-106.6478962,29
399,44.332373105222395,-75.47489238460741,28
405,34.036121885906,-118.237361765101,123
406,43.205213383680295,-75.4322995118866,99
407,42.019871,-76.62210999999998,99
409,43.0785763673469,-75.7515320204082,99
410,43.0988098,-77.4416792,31
411,42.8758185,-78.8458326,93
412,41.335404,-74.360033,72
414,40.8721114,-73.855814,110
417,42.6772422121693,-76.8228132942931,31
418,42.88851164973671,-77.2786605528567,31
419,42.8664042099108,-78.8610373891982,93
420,43.163275,-77.586694,31
421,42.49050535,-73.5726398153558,111
422,40.8998983,-73.3508587,110
424,42.6359438748297,-76.2960182445814,99
427,43.0115551772561,-76.131471538758,99
432,35.9915653,-78.90481567784,64
433,34.9939752576824,-78.9220969691311,64
434,35.4540068565198,-80.8605492789893,88
435,34.24034335,-77.9454578768839,95
436,36.3004222857143,-76.2187962244898,74
437,35.946942,-79.31872,64
438,35.735335166305795,-81.325497622729,88
444,35.6079376,-82.35826,65
447,35.185716925129796,-80.88045064951021,88
448,36.500881400000004,-80.60876209999998,1
449,35.3861774847151,-80.72192702619991,88
454,41.489562899999996,-81.70088609999998,81
456,39.7622667647059,-84.18528867647059,51
458,39.218908,-84.4805528,51
459,40.0352737879005,-82.58861602602009,76
463,41.0144467231506,-81.60738829272441,81
466,40.801918408163296,-81.37672432653059,81
468,40.7986581428571,-81.5218392857143,81
469,40.090144,-83.05232,76
473,39.3489541799819,-84.53106178472791,51
475,39.1289592,-84.4768398,51
476,41.0520502548408,-81.46292367681241,81
477,40.2914143959077,-81.7357237229063,41
478,36.0502661951219,-95.7944889512195,104
479,36.0784446,-96.04811550000001,104
480,45.2108191743635,-123.191780632618,143
481,45.51786855,-122.68185964194201,27
484,45.5167536,-122.656005749976,27
485,42.0521588,-124.28759540000001,120
486,44.05674657142861,-123.086497632653,143
487,45.5120189183673,-122.65559048979601,27
488,40.029367375,-76.30710904166669,109
490,45.42887329999999,-122.378124,27
491,45.50957205,-122.673521447995,27
492,46.1888581655929,-123.814042588465,132
496,45.5330425,-122.71050790000001,27
497,44.3035904064028,-120.846967510482,100
501,42.316445631579,-122.88076794736799,101
503,44.27391294184711,-121.17307641967899,100
504,40.454249330208995,-80.00061073465191,118
506,41.2326788756257,-80.5074993646832,118
508,40.469530400000004,-79.9090141,118
509,40.7907603702511,-76.5568208393969,109
515,40.392640142857104,-80.0875544081633,118
517,40.58096870000001,-75.3411606,40
519,40.2033574285714,-77.1887288571429,109
520,40.457132,-79.9916372219515,118
522,40.4214737342474,-79.63738879516579,118
528,40.037994265306104,-76.3136543877551,109
530,41.4506997,-71.4970673093227,82
532,33.971008816326496,-81.02382212244899,88
534,33.6973479679603,-78.8898911334989,95
539,35.762562,-83.965755,26
540,36.2876539466407,-82.48054524343809,121
542,35.14088064825361,-90.04047907487791,71
544,36.27854179999999,-88.32680309999998,36
545,36.165355009929705,-85.5086010623437,147
546,35.97675725641029,-83.9273236025641,26
547,36.104816861286395,-86.75590299678879,108
548,33.212866660001,-97.12830051262621,25
549,32.951221999999994,-96.845846,25
553,29.698525,-98.12031,6
554,29.401901000000002,-98.482853,6
557,30.254726399999996,-98.0824692,6
558,33.0931001,-96.6728078612257,25
559,30.043266999999997,-98.151206,6
563,32.7991564828495,-96.83399695718212,25
564,29.5695708163265,-97.9652837755102,6
565,32.7818812,-96.8148593,25
566,29.627854,-95.5480643,43
567,32.9752143877551,-96.3319303877551,25
569,40.6206923048805,-111.894010991033,49
573,44.482903885906,-73.1539127449664,70
576,36.837783714285706,-75.9797441428571,74
578,37.2682365,-76.7129558,74
580,38.752531,-77.469,20
583,39.097429999999996,-77.532576,20
584,38.8832787522685,-77.4437006339208,20
586,38.0679283078808,-78.48603300159701,84
587,38.4518952234726,-78.870847259293,84
589,38.0261159,-78.4820248,84
590,37.5415927,-77.4455177,60
593,48.7480153061224,-122.475450877551,85
596,45.6499058,-122.6553318,27
598,48.087278999999995,-123.418449,85
599,45.822927,-120.824777313583,67
600,47.2583606145584,-122.443306593961,0
602,47.74469958508929,-122.17178766761499,133
603,47.723877200000004,-122.2931111,133
605,45.6251071,-122.6734331,27
606,47.924114195979605,-122.096621963598,133
609,47.5509916925813,-122.277436437754,133
610,47.646050729025795,-117.38980216491301,12
613,47.9136556714666,-122.08010488718901,133
614,47.912652,-122.088761,133
617,46.618456,-120.553068,67
618,46.0522032720417,-118.406074773204,122
619,39.127494299999995,-79.4695264,13
622,37.6483385666667,-81.0968258333333,1
623,42.9348495,-88.861232,113
626,43.38921996689221,-90.76571832450459,89
628,44.498960015625,-88.0489040625,135
629,44.97329671071421,-92.756671162684,5
632,44.4534004372744,-89.52343053002909,135
633,43.6285166666667,-89.7465766666667,113
634,44.02918309975221,-88.16401327480101,135
635,44.891120799999996,-92.6386153347867,5
636,43.09929865,-87.9196951139335,21
637,37.8576209,-122.29144450000001,57
638,43.0208094081633,-87.91672748979592,21
648,39.75807905,-105.22425625,61
652,41.4566458293791,-72.8236736045008,4
680,41.5266943049435,-87.4275573320627,59
681,41.714577,-86.89216785677841,138
683,38.05869142889209,-97.9317530573845,77
696,42.1910483207547,-86.2593923773585,138
697,42.909271999999994,-85.7720434,125
704,44.665209999999995,-84.70958399999998,48
711,34.001703000000006,-88.750264,71
716,40.5844988979592,-98.38771979591841,2
722,43.109848380754,-72.2854221324114,126
741,36.0787189591837,-79.7938094489796,1
745,41.6171284,-83.7032185,22
746,39.71236470000001,-82.6042529,76
748,39.9271684098324,-83.8119656562835,51
751,40.7620183673469,-82.51395187755101,41
763,40.426118665802,-79.9404082589853,118
764,40.38597100000001,-79.82612040000002,118
765,40.0438635,-76.29853300813521,109
766,40.021898,-78.5033435,13
773,36.188838,-86.729011,108
774,30.94295988888889,-97.5370313333333,6
781,32.888422847796505,-96.6813725967853,25
794,39.13704895,-77.7149118539252,20
796,38.0261159,-78.4820248,84
806,47.5678008,-122.33548789999999,133
810,42.679307939597294,-89.0497268926174,113
816,34.016888,-86.00500600000002,114
818,30.278051,-87.68303900000002,69
827,33.210617545454504,-87.565915,15
828,34.804129499999995,-87.65970528876841,114
833,34.6041206530612,-86.9866330204082,114
834,33.1999747350306,-87.5437361470987,15
835,30.516291,-87.898282,69
837,33.514159346938804,-86.79406151020409,15
838,33.5075946077931,-86.81217994565952,15
840,34.7277523,-86.59320140000001,114
841,34.746475,-86.58524200000002,114
842,34.3387368412698,-86.31216034920641,114
843,34.6932934545455,-86.7492240909091,114
845,32.649395420622504,-85.3787541825702,73
846,34.6728014,-86.7740173304273,114
847,34.7277523,-86.59320140000001,114
849,30.687956300000003,-88.0493871301972,69
851,34.8016657,-87.668929940884,114
852,34.7277523,-86.59320140000001,114
853,33.830796,-87.278675,15
854,33.832359000000004,-87.28338000000002,15
895,33.436188,-111.58606617629299,124
916,32.214613,-110.95966499999999,18
917,35.1895876968531,-114.051737005448,87
920,34.5075404422947,-114.34759609763901,87
922,32.2263408526684,-110.96679000090799,18
924,32.227623022005304,-110.96773319934601,18
926,33.4148261,-111.8568311,124
928,32.2997436,-110.9785303,18
929,36.9941047,-112.9740725,87
933,33.658427,-111.92549550000001,124
950,34.54238481217,-112.468601799769,44
951,32.1843632,-110.9232648,18
955,35.19643770000001,-111.648578,44
957,33.4572674,-112.06499869999999,124
958,35.196928,-111.65244779999999,44
962,31.4427216923077,-109.913843769231,18
964,33.4151998242077,-111.83705030622299,124
966,34.649529,-112.4132617,44
968,32.2240171836735,-110.964884816327,18
969,32.221427399999996,-110.9451764,18
987,33.3352048,-111.83840520000001,124
991,33.422606,-111.90418329999999,124
998,33.445788300000004,-111.9642922,124
999,33.4291738366844,-111.951429159213,124
1000,31.7136026845638,-110.072281805369,18
1006,36.31682720000001,-94.1178372,19
1007,36.364069,-94.20058399999999,19
1008,34.73235495962,-92.2536680720849,58
1009,34.752615999999996,-92.366648,58
1010,36.0771652,-94.1688685443672,19
1011,36.0595970427386,-94.1608753945713,19
1026,35.310777,-94.29848299999999,19
1032,34.7426855790517,-92.25901,58
1033,36.2245472,-92.27118929999999,130
1034,36.3335034,-94.1147203,19
1036,34.7308344651163,-92.3184696976744,58
1037,34.264069279686105,-93.4611304275487,58
1043,37.570147999999996,-119.90365919999999,68
1046,32.896584000000004,-117.137429,10
1047,38.3845125,-122.833250158374,127
1050,38.8047402,-121.20733100000001,3
1051,36.825171710138896,-119.70174865292101,68
1066,34.221801899999996,-118.58853229999998,123
1067,35.566672499999996,-121.09854080000001,86
1069,33.8431391,-118.3378601,123
1071,33.4931038237071,-117.148530613469,10
1072,37.7683363123474,-122.23945055951599,57
1074,37.3361905,-121.89058329999999,57
1075,37.7761111,-122.22818970000002,57
1076,32.896584000000004,-117.137429,10
1077,37.783449766725795,-122.30628318089899,57
1078,34.1036502643654,-117.878146550423,94
1081,38.4808723,-120.849271,3
1085,33.8328226,-117.91252490000001,94
1087,34.04627065,-118.237715014204,123
1113,35.2615498,-120.645233810861,86
1114,37.74000915,-122.40904048683001,57
1115,33.148790000000005,-117.22138500000001,10
1118,33.140153000000005,-117.22763400000001,10
1119,33.770150959183695,-118.189471530612,123
1121,33.188251,-117.226238,10
1128,38.5214986442953,-121.37572367785201,3
1129,38.6888787523924,-121.426333372315,3
1130,38.5660851,-121.54337340000002,3
1142,33.8274902,-117.86200259999998,94
1143,37.63958820000001,-118.96680190000001,68
1146,33.215571000000004,-117.266825,10
1147,37.7715719,-122.43386299999999,57
1148,38.258556899999995,-122.06005890000002,127
1149,38.6780363330699,-121.771239583043,3
1150,37.5100817268499,-122.25348642124399,57
1153,34.0507711,-118.233179040171,123
1154,33.87004,-117.928591,94
1157,33.8495705,-117.85972263784599,94
1158,33.92568488888889,-116.876825,94
1159,34.033958,-117.040302142354,94
1163,34.381220505590804,-118.52987315055901,123
1192,34.159644,-118.3018112,123
1193,39.830811383153794,-121.84683160777399,140
1195,33.8579369161764,-117.841875871588,94
1198,32.8120128709882,-116.971783587523,10
1201,37.2870748,-121.93327430000001,57
1203,33.3434987,-118.32563449999999,123
1207,37.777158899999996,-122.4106996,57
1210,37.9543919591837,-121.287410571429,3
1211,33.788493,-117.856454,94
1228,38.58185916326529,-121.260763428571,3
1230,37.72210256312,-122.19142017295499,57
1232,33.826202,-116.401697,10
1234,33.9165311870278,-118.33285737493799,123
1238,36.9239241,-121.7623105,57
1239,33.8450009362138,-118.31311668331001,123
1240,32.8346629601785,-117.15440924003599,10
1241,32.832115,-116.97958,10
1242,32.8346629601785,-117.15440924003599,10
1244,33.6867383235294,-117.340248911765,94
1245,35.48978839999999,-120.66873590000002,86
1246,33.7353304960034,-117.85318204256201,94
1248,32.7643543248057,-117.199343259846,10
1250,38.5394925212225,-121.40593711332,3
1251,37.498965755102,-122.244541265306,57
1265,37.807739,-122.2698881,57
1266,32.890353000000005,-117.162908,10
1267,33.1374039147521,-117.192821629842,10
1271,34.0918989791649,-117.68643700000001,94
1273,32.8847483530585,-117.156218065696,10
1274,33.8417185,-118.31150359999998,123
1276,35.389717,-120.61129479999998,86
1277,38.54474329999999,-121.731124228063,3
1279,37.50655825,-120.88265345,3
1281,38.0330804,-121.8824742,57
1282,34.1147314285714,-118.24403771428601,123
1283,36.96840529999999,-122.01364879999998,57
1284,39.714288387755104,-121.824160183673,140
1285,38.6942363008724,-120.834516094692,3
1286,33.91771,-118.4156967,123
1288,33.5268827,-117.17243799999999,10
1301,33.124632,-117.09704199999999,10
1302,41.4567414090909,-122.8918305,101
1303,33.6856079818737,-117.855966694867,94
1305,32.759975141835106,-117.13028019183001,10
1306,33.3827337938989,-117.25164253478998,10
1310,39.8408859166667,-121.577762083333,140
1312,37.7283367755102,-122.403999122449,57
1313,39.32253236924321,-120.19317236924299,83
1318,34.624862704698,-120.18834474496599,86
1320,34.152911200000005,-118.801724,35
1321,38.136971,-121.29526000000001,3
1323,38.6258653367985,-121.22487784597901,3
1325,34.1065655151515,-118.251520939394,123
1326,36.726837185213704,-119.79077967126499,68
1343,37.8139174766419,-122.284439629224,57
1344,37.879466,-122.2998747,57
1356,32.8310696,-116.96442350000001,10
1360,34.247668949495,-118.59302412121201,123
1361,37.2917841,-121.88899099999999,57
1362,37.7514996122449,-122.390096163265,57
1364,38.4017722037199,-122.724130155207,127
1365,34.181648200000005,-118.3258554,123
1382,34.1141508,-118.1807106,123
1387,37.8487711,-122.272181,57
1389,32.755029,-117.13110900000001,10
1393,36.689234420251296,-119.54960943148501,68
1394,32.8093331020408,-115.37633500000001,10
1398,38.1328,-121.2722,3
1400,37.796429700000004,-122.27118529999998,57
1401,33.1694168,-117.22042920000001,10
1403,32.898732788017,-117.12234929993,10
1404,34.3959039183673,-119.521007020408,35
1418,37.5043737,-121.95778359999998,57
1419,33.079171,-116.603975,10
1421,37.7783528228924,-119.07720319539699,68
1430,36.1930799286453,-119.334979752843,68
1431,38.9778256849289,-122.838290326681,127
1432,32.8276353,-117.208801,10
1434,38.6077175714286,-121.456029,3
1435,33.8656189127517,-118.360065597315,123
1436,34.106415500000004,-117.61107439999999,94
1438,32.711658,-117.12743400000001,10
1457,33.136105,-117.22485,10
1459,34.27835839668049,-119.29087345870899,35
1460,33.4587307,-117.59223359999999,94
1462,33.2154689215292,-117.350168656157,10
1463,33.816280852687804,-117.898062087944,94
1465,33.8781951,-118.18596470000001,123
1466,34.2060527272727,-118.34662063636401,123
1467,32.89183,-117.14848799999999,10
1468,37.776173,-122.39738249999999,57
1471,38.8318201777774,-121.191644798979,3
1472,33.9149155,-118.33227679999999,123
1476,34.1817375959596,-118.45404881818199,123
1477,38.4998578080808,-122.45841864646499,127
1479,34.261816014903395,-119.235440075954,35
1481,40.08557130024021,-105.941568596986,119
1493,33.171842,-117.35876699999999,10
1494,32.747710999999995,-117.12853999999999,10
1495,32.8914630654776,-117.144170957093,10
1498,32.622074600000005,-117.0682152,10
1500,32.7553932482817,-117.20872499324301,10
1502,38.7818418276867,-121.24182991158399,3
1504,32.7138444137475,-117.149375,10
1505,33.846575099999995,-118.31018629999998,123
1507,37.7545317,-121.4145449,57
1509,41.4166213797254,-122.38662508476001,101
1510,37.3606708,-118.3944494,68
1512,34.1433223061224,-118.02682536734699,123
1513,34.0464181026579,-118.242599756959,123
1515,38.132142,-122.25929199999999,127
1516,33.7119032978487,-117.845559033414,94
1518,38.5356293265306,-121.402102040816,3
1519,38.560777200000004,-121.4899398,3
1530,34.09909879999999,-117.54107069999999,94
1532,32.748723999999996,-117.12913700000001,10
1533,33.199836,-117.376798,10
1534,32.6518762,-116.9613594,10
1539,33.8611259658639,-117.880181995951,94
1541,34.096219,-118.089147586207,123
1542,34.0157562857143,-118.241560857143,123
1543,39.252723032275895,-121.024460185452,3
1544,38.602192166879796,-121.27060391915701,3
1548,38.7296252,-120.798546,3
1552,37.9357576,-122.3477486,57
1553,37.796075,-122.27182450000001,57
1554,38.800450735294106,-121.228979735294,3
1555,38.7293661000139,-120.79421200351601,3
1556,38.9609739411765,-119.945000117647,83
1576,37.779280799999995,-122.4192363,57
1577,35.13908295,-120.64091923506001,86
1581,38.474552222172896,-122.74007201359501,127
1582,34.430794346938804,-118.571182040816,123
1583,32.758977,-117.130404,10
1584,38.5659589,-121.4334621,3
1586,34.0493571836516,-118.05988474927601,123
1588,32.896584000000004,-117.137429,10
1589,34.4235120714286,-119.686497857143,35
1590,32.8883015070801,-117.155535128534,10
1591,32.8901624,-117.1170304,10
1592,37.40446295,-121.992082676137,57
1594,34.206874299999996,-119.2474328,35
1595,34.0958210564326,-117.648520315882,94
1596,32.7166799540699,-117.160878508811,10
1615,33.6480028,-117.98723020000001,94
1617,36.9744555309876,-120.020622554844,68
1620,34.070598600000004,-117.23699950000001,94
1621,38.253278904173,-121.300412597904,3
1624,37.8143551,-122.26837090000001,57
1625,38.580045276595705,-121.49742804255301,3
1627,38.421657700000004,-122.7094385,127
1628,36.7394665849273,-119.771520598509,68
1629,38.5779492653061,-121.48492751020399,3
1631,34.2828803013451,-118.43220674845199,123
1633,37.479896000000004,-120.859873,3
1635,37.3163530780456,-121.873871843909,57
1652,33.8431475,-118.33928799999998,123
1654,32.994888,-117.08203300000001,10
1655,36.9341605917925,-119.85809653542499,68
1656,38.4042274995945,-122.72362027120501,127
1661,35.279301200000006,-120.66404070000002,86
1662,33.846772200000004,-118.3180205,123
1663,34.394209590731805,-119.44387793077401,35
1666,32.833814600000004,-117.14635679999999,10
1670,33.92778920000001,-117.55975420000001,94
1671,37.226611,-121.9746797,57
1687,37.7385453061224,-122.38085567346901,57
1688,38.30487700000001,-122.28608200000001,127
1690,37.7683792941177,-122.419598352941,57
1692,33.825078000000005,-118.133923,123
1694,33.8633095660543,-117.820080198027,94
1696,33.813180700000004,-117.5046237,94
1699,33.8414814,-118.32404009999999,123
1700,34.061560857142894,-117.641250485714,94
1701,33.1041969447363,-117.219483815862,10
1703,38.546614,-121.72608400000001,3
1704,34.1448948428425,-118.79623103295201,35
1706,38.5536351536866,-121.787547042088,3
1726,34.42286009523811,-119.688165095238,35
1728,37.8303644,-122.2645038,57
1729,33.8043697,-118.18067520000001,123
1741,32.702171,-117.14773500000001,10
1742,32.739337,-117.12537900000001,10
1743,32.642827000000004,-117.08010700000001,10
1745,38.5440352156362,-121.739122047377,3
1747,38.3880465600215,-121.361147165058,3
1748,36.730716794391604,-119.78830790357,68
1749,33.1359933445993,-117.223973334188,10
1762,35.6262455,-120.68726029999999,86
1766,38.3007339591837,-122.28218375510201,127
1770,37.761161799999996,-122.3884378,57
1780,34.2798839375,-119.29455877083299,35
1781,34.17375015,-118.310368236032,123
1782,33.2028185,-117.24188410000001,10
1783,34.161542,-118.80951599999999,35
1784,32.895843,-117.121435,10
1786,33.140152,-117.145752,10
1787,40.562008,-122.298177,140
1788,34.0685234551287,-118.222037638743,123
1806,38.56942885,-121.541958488954,3
1807,33.8372008461408,-118.316350719908,123
1808,36.8261033101924,-119.690656660515,68
1809,33.8635371,-118.3524672,123
1811,39.382694949880296,-104.866720584377,61
1818,39.633068949504,-106.076463748612,119
1821,39.2215340164332,-106.85977474491501,128
1822,40.0488359023256,-105.054232695768,61
1825,39.636163700000004,-105.32145797867399,61
1848,40.4081124285714,-105.074668714286,14
1852,39.6933607,-104.9872018,61
1856,39.6553196561161,-106.828260010329,119
1857,40.16140505,-105.10628081954201,14
1858,40.09681246875,-105.16915809375,14
1864,39.7757286,-105.08180459999998,61
1865,38.810861700000004,-104.827401,61
1868,40.4058904,-105.09257350000001,14
1887,40.510887,-106.85776299999999,119
1890,39.778854100000004,-105.0435373,61
1894,39.7396825306122,-104.94517832653099,61
1895,40.3050521371222,-105.080946465525,14
1899,37.4002604814483,-105.985591761422,144
1900,38.9910371644874,-104.808398853641,61
1904,40.389900399999995,-104.7875038,14
1906,40.395364857142894,-105.073514428571,14
1920,39.679731551020396,-104.991005612245,61
1921,39.758314299999995,-105.00725020000002,61
1922,39.7769429,-105.00083020000001,61
1923,39.801625,-105.0814554,61
1924,39.7760619,-105.0438193,61
1925,39.770332,-105.00320790000002,61
1929,39.6529424,-104.76800959999998,61
1930,38.8877651,-104.70343179999999,61
1934,38.84025,-106.131606,119
1936,38.5180443402639,-106.065937703811,144
1938,40.014431099999996,-105.1341065,61
1939,39.7632294,-104.9813405,61
1940,40.5863266,-105.07571340000001,14
1941,39.770204299999996,-105.0020653,61
1943,39.6784277,-104.94286310000001,61
1944,38.8260086,-104.82373179999999,61
1946,38.3899222,-105.1177755,144
1966,38.8195724,-104.823552,61
1968,39.7868924,-105.03435449999999,61
1973,39.7435056734694,-104.987273714286,61
1975,39.6813614,-105.11772162475401,61
1976,39.705771999999996,-105.697303,119
1977,40.4799901,-104.9357557,14
1978,39.5766332871669,-106.093541588347,119
1979,39.758232,-105.04506,61
1981,40.0516152857143,-105.04775557142901,61
1983,38.866955734193795,-106.985301204786,128
1985,39.7522457,-104.9913673,61
2000,39.7531231,-105.05349199999999,61
2003,39.7909855,-105.05933929999999,61
2005,39.68530360000001,-104.7911253,61
2007,39.7474051,-105.0243557,61
2009,39.5629869684277,-104.89420745086099,61
2010,39.75818024487921,-104.928343,61
2011,38.9082661039119,-104.78236264273599,61
2012,40.395410122449,-105.076967204082,14
2013,40.367158,-105.503658,14
2014,39.4065126885825,-105.47743520356701,61
2017,40.438699795918396,-104.967793571429,14
2020,39.7712389,-104.97973490000001,61
2022,39.914024759541995,-104.958258053435,61
2041,39.7778197470628,-105.185103571308,61
2042,39.718471,-104.992318204082,61
2043,39.9983626,-105.08788390000001,61
2044,39.76214470000001,-104.9810078,61
2046,39.7605777,-104.98255959999999,61
2048,38.024020407986704,-107.67140481866699,128
2049,39.5892615,-106.0989298,119
2051,38.8689945454444,-107.597696869091,128
2052,38.94440915,-105.155048625439,61
2055,39.7402157,-104.85052990000001,61
2057,39.8994022605306,-104.961949519177,61
2059,39.6399322244898,-104.79155075510201,61
2061,39.682674164198495,-104.980596679125,61
2062,39.761363,-105.00677579999999,61
2089,39.7183139183674,-104.999263734694,61
2090,39.7183139183674,-104.999263734694,61
2094,40.3723782473414,-105.523210505317,14
2098,39.6125875,-105.024584,61
2100,39.7402520324939,-105.034851939335,61
2103,39.723797496944,-105.01677288236,61
2127,37.4681813,-105.8742898,144
2129,40.0238083,-105.23783229999998,61
2132,39.65416791836729,-104.98771995918399,61
2133,39.7291386,-104.9993865,61
2137,39.743154,-104.96825077540001,61
2141,39.7417505,-105.51767749999999,61
2143,38.4788199,-107.8800003,128
2144,39.6342909310345,-104.760169827586,61
2166,40.396586122449,-105.074967387755,14
2168,40.3998251,-104.6911497,14
2171,39.7415749,-105.07108390000002,61
2172,38.92372675242249,-104.793172305483,61
2173,40.1623965,-105.100209775206,14
2174,40.0162153,-105.2258104,61
2175,39.91349895,-105.056081872213,61
2176,39.7509153,-104.98453740000001,61
2178,39.758592900000004,-105.015409,61
2180,41.1544649,-73.2357109,4
2181,41.35136470000001,-73.1322771,4
2182,41.8047008489267,-71.8839447345293,134
2209,41.9620078477925,-72.66266463010821,134
2213,41.9209531,-72.456028,134
2214,41.370676,-71.834289,82
2215,41.5252134090909,-72.0743747727273,4
2216,41.1756581581267,-73.147028319681,4
2217,41.039332258981,-73.5495913458561,110
2218,41.7448124315195,-72.6701173267628,4
2219,41.7579985579,-72.7018274498041,4
2221,41.566794731666,-72.9027141039072,4
2222,41.5801589,-73.0716733,4
2223,41.077056521694395,-73.5195579400781,110
2224,41.3385894166302,-72.98046405784099,4
2241,41.785056701249296,-72.6002223820893,4
2242,41.2900430077911,-72.8739756331215,4
2243,41.989652299999996,-72.57787090000002,134
2244,41.575855,-73.000062,4
2246,41.5723325262957,-72.6599074160136,4
2249,41.8089235,-72.7115431,4
2252,41.6016981315789,-72.8814255526316,4
2253,38.6788938,-75.37816436249891,141
2255,39.2809684444444,-75.6241805555556,141
2283,39.44942785858221,-75.7195916061529,141
2288,38.9603005,-77.0053314,20
2289,38.92679879999999,-76.9930707764239,20
2292,26.231633799999997,-80.1224169,9
2293,27.768990224489798,-82.6629721020408,62
2296,27.9495902,-82.45002070000002,62
2297,30.3108962,-81.65451970000002,24
2299,29.6502615,-82.32225229999997,24
2332,29.326634000000002,-81.057048,33
2334,26.560934200000002,-81.9557454,142
2335,28.191921780141396,-82.6261876198197,62
2336,29.890899400000002,-81.3267969,24
2337,30.32600200000001,-81.65651899999997,24
2338,24.5614170685523,-81.7965146398266,142
2339,25.841458699082107,-80.1894101699335,9
2342,33.729064294117606,-84.4161772352941,73
2366,27.770291999999998,-82.660409,62
2368,25.800254000000002,-80.2009170923563,9
2369,28.89472625914249,-82.5873807162491,62
2370,26.5590774285714,-80.073376,9
2371,27.956553000000003,-82.430498,62
2372,28.196145519540305,-82.4647787316792,62
2373,28.563902399999996,-81.590376,33
2374,30.2707152,-82.1223325,24
2375,27.9874212,-82.6986687,62
2376,28.0144036833562,-82.78928423201471,62
2377,27.770906899999996,-82.6409282,62
2378,29.661257,-82.328751,24
2380,27.4843298838169,-82.5704045764443,62
2381,28.07847685,-82.76761677950401,62
2383,44.130958,-70.280399,107
2403,29.889481464285694,-81.3130666785714,24
2406,28.1803657472859,-82.65284391222859,62
2407,29.639830215352802,-82.3242990762445,24
2410,27.7828457080974,-82.657199693093,62
2411,26.5611037,-81.7619411,142
2413,27.470805,-82.575274,62
2414,27.77171210000001,-82.65067185,62
2415,30.2903347142857,-81.3923014285714,24
2416,28.019772473684203,-81.7304932631579,33
2417,30.417991029233605,-87.20552274185209,69
2419,30.19050388339061,-82.6365459447881,24
2420,28.0783524492751,-80.60455067356871,33
2421,27.958782306122398,-82.4600853673469,62
2442,27.329882299577605,-80.4086500079585,9
2443,28.205308576061807,-82.4627979884398,62
2444,29.1244956,-82.1362315,24
2445,28.810888000000002,-81.27029399999998,33
2446,28.6060793,-82.551896,62
2447,28.1206522,-80.7039168,33
2448,30.3233619166667,-81.6449079166667,24
2449,30.317995380952397,-81.6970237142857,24
2450,26.129836899999997,-80.1418016,9
2451,24.9552722,-80.58059870000002,9
2452,28.563191800000002,-81.37184479999998,33
2453,25.7995437,-80.1975286711708,9
2454,27.348777983269702,-82.5252582277781,62
2455,27.853813705544802,-82.3141746682522,62
2456,25.732096,-80.31435309999998,9
2457,27.7865945,-82.78355340000002,62
2458,28.5396995,-82.4012824,62
2459,27.74434,-82.751357,62
2460,26.613614399999996,-80.0581924507341,9
2462,26.642918199999997,-81.8643460982227,142
2485,28.8991795698048,-82.59317839692221,62
2486,27.4519957,-82.4324118,62
2487,29.02541495,-80.9223638359946,33
2488,25.78006870408161,-80.2213134285714,9
2489,28.524336699999996,-81.32495329999998,33
2491,28.5269182574091,-81.3830449947888,33
2492,27.7719674285714,-82.644494,62
2495,30.413216499999997,-87.214831,69
2496,29.0272682190265,-81.30372057822359,33
2498,27.7701286326531,-82.6597328979592,62
2499,30.424116893281397,-86.64962237252621,69
2521,27.770951367346893,-82.6636939387755,62
2522,26.150885959183693,-81.79492679591841,142
2523,28.5110165711627,-81.3788259172192,33
2524,27.449038544765703,-80.32431828125091,9
2525,28.1461555102041,-82.7533537346939,62
2526,26.461950899999998,-80.0913747,9
2529,27.305756644049602,-80.30793420004291,9
2530,28.145090265306106,-82.7532536938776,62
2531,28.0152064022556,-82.78271980751549,62
2532,30.2882669,-81.3923194,24
2533,30.44184376258989,-87.2566306330935,69
2534,27.77179015,-82.641020875248,62
2535,28.0460088798496,-81.95746166962441,62
2536,26.1146209161835,-80.14595561723941,9
2539,28.5929429,-81.3566559,33
2559,28.1463248181818,-82.7550308787879,62
2560,28.0158875,-82.13668359999998,62
2563,30.2008038,-81.5570848,24
2565,27.6455742,-80.4185247525615,33
2570,28.8538698367347,-81.6855684693878,33
2571,28.015399721139694,-82.787809750721,62
2572,25.8003759,-80.2044925,9
2578,33.7740425,-84.28356219999998,73
2579,33.037368,-85.0311916,73
2604,34.0711104,-84.29678259999999,73
2605,33.72670205,-84.37706290979929,73
2606,34.8714261335704,-84.3170747740377,26
2607,34.0229342592006,-84.36395306690059,73
2608,34.8574713620201,-84.3305083215193,26
2609,33.919593821209,-84.4869635256505,73
2610,33.387534,-84.282374,73
2611,34.081656200000005,-84.2536638,73
2613,34.25442345,-83.8475963368642,73
2616,33.79480405,-84.4098921239911,73
2619,33.79314935,-84.36858051048941,73
2642,33.81830375,-84.43454138389859,73
2643,33.92440825,-84.49575630354491,73
2645,33.4653453607462,-81.9628808233695,32
2646,33.8055922,-84.4300619376943,73
2647,32.0839717038974,-81.0982782978329,32
2648,33.9611674735289,-83.9888958076867,73
2649,32.087032,-81.111372,32
2651,33.5606219799361,-84.5836887307548,73
2654,33.773055167706396,-84.2848807842216,73
2656,33.8426920909091,-84.20758809090908,73
2658,32.054127,-81.1021609166667,32
2659,34.02576775,-84.35907858443002,73
2691,43.622811999999996,-116.225417,47
2693,43.5767625306122,-116.55509489795901,47
2694,47.715078999999996,-116.95732558040399,12
2695,43.6213619591837,-116.23893953061199,47
2699,48.305008799999996,-116.5464216,12
2700,47.755971666666696,-116.78672666666701,12
2718,47.7062357979551,-116.94797082399201,12
2723,47.7048437077115,-116.86840849378599,12
2725,43.619049,-116.25236399999999,47
2727,47.4715313342171,-115.922710286108,12
2728,43.6112276122449,-116.20621861224501,47
2730,46.048949540816295,-116.349703438776,12
2731,39.5172564,-89.0503635,102
2734,41.75955020000001,-87.6572069,59
2736,39.1314219354839,-88.478066516129,102
2738,41.940879944135496,-87.74301212931591,59
2740,41.68854885,-87.61206845443941,59
2760,41.507633899999995,-90.5669283,17
2761,37.7818229183673,-89.33204055102041,50
2767,41.8083636,-87.8034082,59
2768,42.1771945714286,-87.9977622244898,59
2769,41.93185255,-87.65722731540708,59
2774,42.2413125,-88.316204,59
2775,39.8412874200305,-88.9557397261712,102
2776,40.911205501777204,-90.64964463712539,17
2778,40.52905465,-88.9459821114408,102
2779,39.8466258571429,-88.97523814285721,102
2780,41.9561589,-87.6743858,59
2781,41.86544335,-88.1069593959985,59
2782,41.52783400000001,-88.076785,59
2794,41.9762555,-87.67493950000002,59
2797,41.4449900272686,-87.6314319988614,59
2798,38.6066593297428,-89.5300767274115,50
2799,41.8861899,-87.6721651,59
2801,41.8961658,-87.67153929999998,59
2803,42.2962963,-89.615349,113
2805,39.850215999999996,-89.25359479220779,102
2807,38.969851,-90.439045,50
2812,41.8858315,-87.67120980089148,59
2814,41.5531782278958,-87.8135615816727,59
2818,38.59194277551021,-89.92105942857141,50
2820,41.9973481,-87.7878762,59
2842,41.88958325,-87.65074933335691,59
2844,42.2798322,-87.8453204,59
2845,41.9604369,-87.7459686981498,59
2846,38.211656265306104,-89.9935232653061,50
2848,41.8533096,-87.6524429,59
2849,39.6110423088235,-87.70732557352942,102
2851,38.537961215874795,-90.02053343325397,50
2852,41.93075205,-87.69106414201721,59
2854,41.9376382,-87.69123909999998,59
2856,41.9177811,-87.69889049941959,59
2857,42.0290920767364,-87.9670453491875,59
2858,41.853279799999996,-87.6483419,59
2860,41.849983200000004,-87.6233063,59
2880,39.797079,-89.647885,102
2883,41.8896255,-87.670578,59
2884,42.382642600000004,-87.95581290000001,59
2886,41.892531122449,-88.30984885714291,59
2889,41.6759774,-87.9978837,59
2891,41.5647232,-87.6330234,59
2892,41.498034834726795,-90.55595294455559,17
2894,38.8142244285714,-89.9590501020408,50
2897,40.093672882926796,-88.1624518780488,102
2898,41.4354253920254,-88.21732025244471,59
2924,42.1709109360582,-88.303969703463,59
2925,42.260789122449005,-88.14526775510203,59
2926,42.032928999999996,-87.67897940000002,59
2927,41.979914,-87.6806429,59
2930,42.040962,-87.70131740000002,59
2931,42.0589281,-87.79962540000002,59
2933,42.2662639857079,-88.0011758380181,59
2934,40.076856400000004,-88.2492759316223,102
2937,41.5103566868156,-90.50132856438931,17
2938,41.810614,-87.6606688,59
2939,40.4987,-89.02323299999998,102
2940,41.5215239999777,-88.20870655766979,59
2941,41.289715,-86.627954,138
2968,41.6155679591837,-87.517422,59
2969,41.5846197132255,-85.83457862289521,38
2970,41.61188819957479,-86.72649137493771,138
2971,40.042077123329896,-86.8999860658783,8
2973,41.121877916242596,-85.13900141831809,38
2975,39.839881299999995,-86.123944,8
2980,39.7812903061225,-86.1374046530612,8
2981,39.805091,-86.09910500000002,8
3003,39.844367,-86.64726999999998,8
3005,39.7726148571429,-86.13847,8
3007,39.7496885,-86.1404227,8
3009,41.4732834349405,-87.07906572490091,138
3014,39.057602285714296,-84.90051257142859,51
3016,41.0882767,-85.1434574,38
3018,39.7661102,-86.141258,8
3019,41.4684063333333,-87.04645699999998,138
3020,41.077972700000004,-85.16690140000001,38
3044,39.8330654444444,-84.8891681111111,51
3049,40.0686987959184,-85.8480295714286,8
3050,40.437006875,-86.885995,8
3051,38.12992620000001,-87.9348109,36
3053,39.8947728571429,-85.9243815918367,8
3057,38.2242288957333,-86.8541949090441,103
3059,39.9282185,-86.0242557,8
3061,39.5214854792612,-86.1671619863068,8
3063,40.1928128571429,-85.3814878571429,8
3082,37.9802896996268,-87.58452456715759,36
3087,43.419266150084496,-93.53398787740299,139
3088,41.599992,-93.7228408,145
3091,41.6813948421053,-91.5598133684211,17
3092,41.498501,-93.4853176666667,145
3095,41.6471329897959,-91.5318982755102,17
3097,42.062643,-93.8809626530612,145
3099,42.50441425,-96.39640025,75
3100,42.063858682584794,-94.86534007500471,145
3102,41.973813,-91.66535400000001,89
3103,41.417005217178996,-91.051214547691,17
3118,43.3994220612245,-95.7506988979592,46
3120,43.152034586148005,-93.20096509098379,139
3121,41.7707988163265,-93.71392,145
3122,41.7299268,-93.6098436917965,145
3123,41.5743051839499,-90.5012637754947,17
3125,41.569708625,-93.718210375,145
3129,42.3133091901518,-93.57473797765293,145
3130,41.5213880458938,-90.5706393674667,17
3131,41.974217387755104,-91.6621246326531,89
3133,42.4953384897959,-96.4032342857143,75
3136,43.2839156,-92.813673,139
3138,41.58113315,-93.60766906527529,145
3139,43.151607875,-93.2003337291667,139
3144,41.3190352342891,-93.09970822878971,145
3152,41.699717,-93.461872,145
3156,42.504742040816296,-94.19057895918371,139
3159,42.035746,-91.67294,89
3160,42.731535,-93.740532,139
3161,43.272729299999995,-91.72508409999999,106
3162,42.02605340816329,-93.6152661632653,145
3163,42.7209454693878,-94.2189566530612,139
3165,43.3465769675141,-95.1499696488768,46
3168,37.6845505384615,-97.3507113076923,77
3174,37.6846165,-97.3184245,77
3175,38.9496728381604,-95.2258626448196,42
3180,39.0146636085526,-95.76370470176461,42
3181,37.686046399999995,-97.3335112,77
3182,39.8165541836735,-97.0511837959184,75
3184,39.19152310000001,-96.6083689,77
3206,37.8136754897959,-96.8500486938776,77
3208,37.66244565306121,-97.3298394081633,77
3209,38.19322725,-85.56656077732092,103
3210,38.2554568,-85.74403769999998,103
3211,38.265875799999996,-85.7767241,103
3213,38.256644200000004,-85.72031443495271,103
3214,37.6481,-84.771328,148
3215,39.093508897959204,-84.5492312857143,51
3216,39.100609405334,-84.4872671044111,51
3217,38.0439487,-84.5092526703915,148
3219,39.1050099056733,-84.4846807248532,51
3220,37.747285,-84.2911156533946,148
3221,37.0705096956704,-88.63767771223709,36
3222,37.4817633464127,-82.5188190003997,121
3223,38.056562,-84.5200035,148
3224,38.25036895,-85.7362561823237,103
3225,38.254635,-85.7400684,103
3240,38.247076299999996,-85.7301702,103
3241,38.2239974,-85.69380759999999,103
3242,38.2290463,-85.7451141522125,103
3244,36.8674943639151,-87.487357448585,36
3246,37.7608082035243,-84.8386262396979,148
3248,38.388396,-84.288072,148
3249,39.00085410000001,-84.64366650000002,51
3250,38.246565600000004,-85.7330744,103
3253,38.22970855,-85.7657938230367,103
3255,38.038574,-84.47062700000002,148
3256,38.2103948311192,-84.2516636630851,148
3258,38.0499736875,-84.508892125,148
3259,38.0465831428571,-84.4971282380952,148
3261,39.0906125714286,-84.49457871428571,51
3262,29.9627851,-90.05724959999998,11
3264,30.477663260869605,-90.0970556956522,11
3285,32.5058647478199,-92.11970662318329,116
3286,30.49701825,-90.4791200741064,11
3287,32.4890068606836,-93.75545669318892,91
3288,31.2647766567273,-92.4533225718182,116
3290,32.4999044808416,-92.12217489740208,116
3291,30.159246600000003,-91.94852370000001,116
3292,29.960745899999996,-90.0340023846405,11
3293,29.916975899999997,-90.09828490000001,11
3294,29.98256760000001,-90.1056073,11
3296,29.938763199999997,-90.07054451873991,11
3297,30.419556,-91.1884332,116
3298,29.9296799,-90.06666070000001,11
3300,44.83294620000001,-68.3677435,23
3304,44.0201273229167,-70.0960551875,107
3323,43.651406200000004,-70.29040970000001,107
3325,43.49545703699121,-70.4560858434247,107
3326,43.97416125,-70.68838325,107
3327,44.5408544017856,-68.4225979085975,23
3328,43.632490664999295,-70.2876710514231,107
3330,44.572023444336004,-68.7955841416602,23
3331,43.485394973714,-70.6014619517209,107
3332,43.969705,-70.601073,107
3333,44.7820807899116,-68.7731077570875,23
3335,43.6483130614011,-70.817997472363,107
3337,43.669074,-70.255898,107
3338,43.3040770434783,-70.5810454782609,107
3339,43.6305938611312,-70.3310144167096,107
3343,43.669653224952896,-70.2557731770637,107
3344,44.884496,-68.67141600000001,23
3365,43.676947,-70.3692048571428,107
3366,43.9163192065825,-69.965668329693,107
3367,43.758828,-69.320989,23
3369,44.8115948265306,-68.7428115,23
3371,43.6649414,-70.2513253,107
3372,44.0830789,-69.5639953,23
3374,44.634187,-68.847883,23
3375,43.6655545,-70.2570974,107
3376,44.100544,-69.127326,23
3379,44.209809,-69.064576,23
3381,43.68956532526521,-70.3970672263539,107
3382,44.1517766212074,-69.18813489742,23
3384,43.090863,-70.736801,30
3412,39.192524,-76.810364,20
3414,39.1780888,-77.0579247,20
3415,38.333644799999995,-75.2169864020113,141
3418,39.0168716900273,-76.69804665780721,20
3420,39.0972915909091,-76.6948240454546,20
3423,38.781135623725795,-76.2219944992277,141
3426,39.6666500412926,-76.37081660161691,109
3454,39.53986125,-76.3564778438863,109
3456,39.4403205,-77.39899040000002,20
3458,39.409279999999995,-77.39121379999997,20
3459,39.3149018,-76.55317680425952,109
3460,39.2222829829489,-75.8673613621863,141
3461,39.32410525,-76.6104150492571,109
3465,38.3910967353605,-75.5841880101684,141
3490,39.7036891,-76.3369752,109
3491,39.3136514,-77.63029350000002,20
3493,39.283116899999996,-76.6314892106433,20
3494,38.693604875,-75.77333325,141
3495,39.108112,-77.152035,20
3496,42.1059175414395,-70.9459414892185,82
3498,42.24364874555761,-71.8305759340224,134
3499,42.3819723,-71.1062676,30
3501,42.43203845,-71.4531564394476,30
3503,42.856069285464,-70.9233651776547,30
3504,41.6491351739202,-70.311595943756,82
3505,42.43001225,-71.4541611252225,30
3532,41.966584682383896,-71.18849942124079,82
3534,42.405551,-71.06633959999998,30
3536,41.5520745592303,-71.0497046109378,82
3538,42.1693129661749,-71.19186437757129,82
3540,41.2613581544694,-70.1292844954849,82
3542,41.68853789999999,-70.1416854,82
3543,42.320487899999996,-71.06155849999998,30
3544,42.397645000000004,-71.061481,30
3545,42.217914,-72.55324499999998,134
3546,42.579509291435706,-72.4951603879466,134
3559,42.2541995714286,-71.82618857142859,134
3560,42.28503153719621,-72.64143097570941,134
3563,42.3916689698943,-71.8102670314576,134
3565,42.446065109489496,-72.60641222397629,134
3567,42.42438189999999,-71.0747308442765,30
3569,42.0500419070128,-71.8807960968361,134
3570,42.6012160416667,-72.6068606666667,134
3571,42.3223551642537,-71.3709688823615,30
3574,42.5012538571429,-70.8573661020408,30
3575,42.3909986,-71.566681,30
3576,42.625366,-71.300252,30
3580,42.391565899999996,-71.04451040000002,30
3581,41.649362388751,-70.4842590100248,82
3582,42.801957701705106,-70.8871558174512,30
3584,42.5206254130724,-70.889896901293,30
3585,46.4916806,-87.6681955,105
3600,42.554996452916996,-70.86287139364559,30
3602,42.285973,-72.772262,134
3603,41.9549491,-70.6620267,82
3605,42.4919605,-71.41585460711259,30
3606,42.581729100000004,-71.7946112,134
3607,42.79921535,-70.86726726954092,30
3609,42.0430361118982,-72.5833168788771,134
3610,41.9585551017836,-70.66654779657608,82
3612,41.9446296728284,-71.28788916770199,82
3614,42.374910299999996,-71.0890345,30
3615,42.2976331,-72.01331590000002,134
3618,42.1126850185216,-72.7196733636976,134
3621,42.669841,-70.837236,30
3622,42.301459200000004,-71.11236679999998,30
3623,42.180807761562,-70.74750285829829,82
3624,42.1829274074559,-72.4702163876732,134
3634,42.062267999999996,-72.765248,134
3636,42.26349920000001,-71.7912262,134
3637,42.2866721186562,-84.4311679214937,146
3640,42.24586784375,-83.61103475,90
3644,42.2667199832402,-85.53781940223459,38
3649,42.450802100000004,-83.1428144,90
3651,42.5786176,-84.4433383,146
3652,42.472227000000004,-82.888964,90
3655,46.54578,-87.4722168,105
3658,45.304738,-85.249116,48
3683,42.79149405,-86.10791587427259,125
3684,42.7802947142857,-86.0998882380952,125
3685,42.299537898089206,-83.9845228089172,90
3687,46.54645889795921,-87.3946213265306,105
3688,46.545940244898006,-87.4136879387755,105
3692,42.327702885906,-83.06197689932891,90
3694,44.75888715,-85.6235355236285,48
3695,44.71509875,-85.63510580831101,48
3696,42.752301,-84.745273,146
3699,42.322478600000004,-83.45863309999999,90
3701,45.647403000000004,-84.4743633,48
3713,46.4539057533536,-90.16984913141899,45
3718,42.2663882442096,-84.96397652273859,38
3719,42.30664415,-83.2433835,90
3721,42.64660055,-84.64830140000002,146
3722,42.3162529546485,-83.1735072471655,90
3723,42.5244011667652,-83.53663792485919,90
3724,42.492142,-83.0278041,90
3727,42.346625,-83.0387622857143,90
3732,42.632730166666704,-83.9948055,146
3733,42.6369922,-83.292346,90
3734,42.4649541,-83.3760374202167,90
3736,43.40977270000001,-86.3494848,125
3759,43.32893335700941,-83.7392940386682,146
3761,43.0637875918367,-86.2312557959184,125
3762,43.038621467135,-86.197742815284,125
3766,42.955144,-85.4857858,125
3768,41.8854097142857,-86.5940472857143,138
3769,41.885576857142894,-86.59431314285709,138
3774,41.947153631068,-86.55947805825241,138
3775,43.48982700000001,-85.463503,125
3780,42.218897097561005,-84.43762975609759,146
3796,42.517111299999996,-82.8986171,90
3798,42.3248727749811,-83.8768368213333,90
3801,47.1219857,-88.5687729,45
3802,47.1219857,-88.5687729,45
3803,42.523306,-83.023691,90
3804,42.5617964642745,-82.9178273922037,90
3809,42.368661231094606,-83.40169842608249,90
3811,43.4051822502285,-84.051935416668,146
3814,42.7922396818182,-86.1091165909091,125
3816,45.9535761,-86.2503664,105
3831,42.351519969697,-83.0647489292929,90
3834,42.931398,-85.35554499999998,125
3838,42.1245434862641,-86.45499314712879,138
3840,43.031244075843716,-86.1983973013331,125
3842,42.6878555,-84.2899561,146
3846,46.54189135,-87.3938859285442,105
3849,42.7901898,-86.1037537,125
3853,42.213139404578904,-85.89437422608641,38
3854,42.213139404578904,-85.89437422608641,38
3856,42.260633,-83.7297662,90
3876,43.01100775,-83.5979524423077,90
3878,42.4834209292929,-83.14209914141409,90
3879,44.661765,-84.71667099999998,48
3880,41.950161,-86.479395,138
3882,42.29072325,-85.59417739541809,38
3883,42.659901,-83.40486640000002,90
3885,42.7407776966292,-84.7345363820225,146
3886,42.6298938561253,-86.2120076981151,125
3891,42.1704172910733,-83.7735353987394,90
3893,44.6373933,-86.2218117,48
3902,42.8494245500451,-82.9512485577328,90
3903,43.015227879272395,-83.69663179164341,90
3905,42.314669562004596,-85.2295431701227,38
3908,42.1190950204082,-85.532487755102,38
3914,42.984912657894704,-85.6810027631579,125
3918,42.4548213823159,-83.6511664407591,90
3919,42.9128114,-85.6506666,125
3925,42.972077815217396,-85.93541535869561,125
3926,41.942998037037,-86.55570937037041,138
3927,42.802587,-86.05808590000002,125
3929,43.2350436666667,-86.2538154074074,125
3930,45.7164279,-87.097528,105
3931,42.4679929,-83.1274188,90
3933,42.1087669387755,-85.97454748979591,38
3954,45.1981203877551,-93.3895255918367,5
3955,45.000631,-93.20620579999999,5
3956,44.9993934,-93.2510686,5
3957,45.16953613900621,-93.3354349705147,5
3958,44.64760220000001,-93.2432718,5
3959,46.0930063905874,-95.8162175623495,78
3960,44.9367379411765,-93.64430717647059,5
3961,44.9040455,-93.16550009999999,5
3962,44.5083982653061,-96.42581655102042,46
3964,45.042082,-93.237365,5
3965,45.5585455013487,-94.157333115584,112
3967,45.025578285406,-93.1736490577291,5
3970,46.788266899999996,-92.0959659800392,115
3972,44.714496161704204,-93.423970832199,5
3973,44.9855585,-93.2739955,5
3990,44.43647117500689,-95.77836473603331,46
3991,47.0194124,-91.6731853,115
3992,45.152666269662895,-92.913729494382,5
3993,46.482495,-93.95060600000001,112
3994,45.046388,-93.26664,5
3996,46.5904747346939,-95.55777030612239,78
3997,44.9631096,-93.1978006,5
3999,44.861696991467895,-93.6572397701314,5
4000,45.013379142857104,-93.24745300000001,5
4001,44.966033875,-93.1882212916667,5
4003,45.120566329040614,-95.0477073500236,46
4004,44.29499775,-93.2673449241189,5
4006,44.9849395,-93.27922120000001,5
4008,45.404002500000004,-93.268872,5
4009,44.5447992,-93.5756181,5
4010,45.3011953673469,-94.94412651020409,112
4029,45.1708480605313,-93.8745292239674,5
4030,44.991741499999996,-93.2437012,5
4031,46.783487755101994,-92.0960811020408,115
4032,44.98529275,-93.28068765625,5
4033,44.981270200000004,-93.2702061,5
4035,44.053748,-91.63474329819941,106
4036,46.8762135668339,-96.7570697363097,78
4037,43.739974040757,-92.13521385533251,106
4038,44.031260395505285,-92.4780889266807,106
4039,47.2210833676723,-93.52833524859301,112
4040,44.95927577551021,-93.1907182857143,5
4042,45.0391054,-92.8317848,5
4044,44.044741200000004,-92.5104808,106
4045,44.9489135,-93.2884965,5
4046,44.181442789473714,-94.013784,5
4047,45.0577993030303,-92.8065391212121,5
4049,44.9816901,-93.2708126,5
4050,44.4410736136035,-93.58265606265181,5
4051,46.44999309697421,-92.76397874233707,115
4066,44.99350220000001,-93.27632220000001,5
4067,44.7968103,-93.5365005,5
4068,48.774827888422784,-96.94649455601143,78
4072,46.357283100000004,-94.18700550000001,112
4074,44.84415743609621,-93.7436472743509,5
4075,44.79854520000001,-93.52584370000001,5
4076,44.97315800000001,-93.2883357142857,5
4077,45.023977200000004,-93.2422388,5
4078,44.7443609,-92.85243990000001,5
4079,45.9831733,-94.3451474,112
4080,44.94042645,-93.34180586160143,5
4082,43.6542167250569,-96.2031743526169,46
4083,44.94275800000001,-95.7235032,46
4087,45.8279655554068,-92.9697496799502,5
4088,44.62322460000001,-93.80170009999999,5
4107,44.89304675,-93.28138850307093,5
4109,30.3982915,-88.8936191295261,69
4110,30.413647845689397,-88.8090062028846,69
4112,30.376901755102,-89.4494876938776,11
4113,32.3196560375173,-90.1885780771694,116
4114,31.5634832602662,-91.4021969011096,116
4115,31.6942523125,-89.127895375,69
4116,31.331234642688603,-89.2899201053982,11
4118,34.142263299999996,-89.6366568,71
4121,38.5986181736597,-90.262368381847,50
4124,39.1261133,-94.57786,42
4125,39.010093,-94.493961,42
4126,39.0917581,-94.5786142,42
4144,38.635300059798396,-90.2243063679217,50
4146,39.0052427173607,-94.4629013839175,42
4147,39.0917049387755,-94.57868373469393,42
4152,38.913133,-94.37671999999999,42
4161,38.98548485,-94.5936711937258,42
4162,39.744246000000004,-94.00050999999999,42
4163,38.9570863933001,-92.32265014935601,50
4167,38.882690999999994,-94.590214,42
4168,40.6737903,-73.99912640000002,110
4188,37.20791735,-93.29928281784059,19
4189,38.712504214911704,-90.4458066747764,50
4190,37.3214879835947,-92.01768537085329,130
4194,38.6122348370255,-90.3222114615022,50
4195,38.714489,-90.43182571692431,50
4199,39.1100614,-94.5799451187632,42
4201,37.203789833333296,-93.26896049999999,19
4205,36.72461005,-91.83510900335928,130
4206,38.6348785,-90.2207367589074,50
4207,45.5400197466401,-122.70895992722299,27
4224,37.2296298,-93.2954208453376,19
4226,45.780221725939995,-108.507602476104,16
4228,46.872595200000006,-114.02020879999999,53
4229,45.215753506488,-112.639687521806,131
4230,45.259632,-111.30370090000001,34
4231,46.2473377752819,-114.155194559549,53
4232,47.528242999999996,-111.279526,34
4233,46.586293299999994,-112.0417121,131
4234,46.51154971428571,-114.09293028571399,53
4236,45.684523399999996,-111.0238884,34
4238,48.1938471991415,-106.633546376276,63
4239,46.0124680410196,-112.525919731978,131
4240,45.744365020661704,-108.59167520446199,16
4241,45.78291333573539,-108.50165382698499,16
4242,47.11209,-104.70579000000001,63
4243,46.8782576,-114.0044493,53
4244,46.1280590464857,-112.953554730671,131
4245,46.43513717519179,-109.83186554326001,34
4246,47.6862114,-114.16277352,136
4247,46.8397919183673,-114.033997040816,53
4248,48.412344299999994,-114.3370175,136
4266,45.671021499032896,-108.764098952111,16
4269,45.696333352463,-111.03155802698099,34
4270,46.8655748,-113.99876210000001,53
4274,48.090130035313905,-105.64217483049299,63
4276,46.01201,-112.53529099999999,131
4278,45.70878295,-111.07251894026001,34
4279,46.329932799999995,-113.2871976,131
4280,46.0133546634842,-112.539000932836,131
4281,48.773637528534785,-104.559298042118,63
4282,46.130107,-112.95216,131
4283,48.2059559,-114.3181197,136
4284,48.0161369,-114.22536720000001,136
4286,46.4020664093132,-105.85080493616199,63
4312,42.8720473333333,-100.545727666667,2
4313,40.9062956397693,-97.0977755131352,75
4315,40.8123075,-96.69344422346848,75
4317,40.8155873,-96.71054290000001,75
4320,41.284907000000004,-96.007724,75
4322,42.2294276,-97.0191502,75
4324,40.4368516956522,-99.3722823478261,2
4325,41.1772046,-96.08132950000001,75
4326,40.9267544285714,-98.3402578571429,2
4327,41.602530057264794,-98.92940309256979,2
4328,40.5841823265306,-98.39024973469392,2
4351,39.5171702,-119.77320149999998,83
4358,39.5274479155691,-119.80104028511002,83
4360,39.5316052,-119.80844505,83
4387,39.5315258,-119.8063947,83
4391,42.851742,-71.493705,30
4392,42.9899594,-71.4689918739142,30
4393,43.087884,-70.80446020000002,30
4394,42.7594623197317,-72.232368157997,134
4397,43.203825021818396,-71.2932628990987,126
4399,43.3857757303691,-71.514843455688,126
4400,43.20410800000001,-71.534205,126
4402,43.197597607142896,-70.8739150714286,30
4403,42.84401357555829,-72.18973144498541,134
4404,43.1788086226335,-71.78244330042709,126
4406,46.1883674134406,-123.828993084975,132
4426,43.1308185,-71.45239635,126
4427,43.41054689434072,-72.1868538853752,126
4429,44.28042825,-71.687376,126
4433,43.78514000000001,-71.58997099999998,126
4434,43.781015000000004,-71.776669,126
4436,42.9988000871583,-70.9743191810049,30
4437,42.7501251872036,-72.35620044699691,134
4439,43.057125336169,-71.44114456899891,30
4440,43.60711644608371,-71.7095581521551,126
4441,44.0316675,-71.6865275,126
4443,40.2195666122449,-74.01229281632651,110
4444,39.77167345,-74.8997316523657,55
4445,40.1812131,-74.0251959,110
4446,39.79199227984571,-74.929989727554,55
4466,39.712974700000004,-75.1354598,55
4467,40.204270787234,-74.0174242765957,110
4468,39.485955,-75.02304748945,55
4469,39.7881775824825,-74.72540126505041,55
4470,39.0006631788323,-74.9128575483561,141
4471,40.4117685,-74.0381651,110
4472,40.659431787878795,-74.2825263939394,110
4473,38.97816685,-74.9127483,141
4474,40.1484716666667,-74.71372844444441,55
4475,40.531329329239,-74.8420790011065,55
4476,40.872626000000004,-74.2963174,110
4477,39.6962724645366,-75.0079984048307,55
4478,40.8543396,-74.83148307919959,40
4479,40.57077520000001,-74.49468419914709,110
4480,39.9169234,-75.0712461,55
4481,39.95164416326529,-75.0483130816327,55
4484,39.4463758970588,-74.5290994779412,55
4513,39.7304838,-75.1291588,55
4515,40.2365672,-74.04488070000002,110
4517,40.089573,-74.051905,110
4518,40.20003681818179,-74.0230725681818,110
4522,39.900720148419,-74.8236212076653,55
4523,40.7714151,-74.04281340000001,110
4524,40.441664,-74.131668,110
4525,40.90460655,-74.0400401,110
4543,39.90139895,-75.08338058193621,55
4544,40.392245101806296,-74.7502288904966,55
4545,39.426066625,-74.61365675,55
4546,40.6787182244898,-74.2866399183673,110
4547,39.994176047619,-74.7880192380952,55
4548,39.63304919565221,-74.8069071358696,55
4549,40.6058631153846,-74.27425215384609,110
4551,35.6655582596322,-105.94652066834499,29
4552,35.8839054,-106.3007594,29
4557,35.120254114094,-106.61765302684601,29
4561,35.09769420000001,-106.64561040000001,29
4579,35.0861257142857,-106.59427528571399,29
4583,35.1360055102496,-106.589884417707,29
4584,35.1178978118299,-106.613864867022,29
4588,35.130568122449,-106.53084524489799,29
4592,35.1165072,-106.58646170000002,29
4597,35.0807893,-106.65005670000001,29
4600,35.0561133,-106.6219267,29
4628,42.2486907283289,-79.749734898935,93
4629,43.41850655,-73.71407762707129,111
4633,43.08767125,-73.496758,111
4634,41.8066614403486,-74.2489174174862,72
4635,42.4996697142857,-76.2990417142857,99
4637,40.74420335,-73.50094256313321,110
4638,42.888031,-78.8709352,93
4641,42.1147356297149,-75.95337583794121,99
4660,40.8959081,-73.3811310556984,110
4664,43.9747517296925,-75.909046441621,28
4665,41.760486,-74.097562,72
4669,40.635176,-73.582368,110
4672,40.6943348,-73.9017521,110
4673,43.185296,-77.80412199999998,31
4674,40.9549645,-73.81903249999998,110
4676,42.878512641588394,-78.859688353651,93
4680,42.6239624272496,-75.1914973012008,99
4681,44.1282368671044,-76.3348456500663,28
4698,41.911407000000004,-74.827173,72
4699,42.3631506491011,-73.59546931470209,111
4700,40.841904,-73.9015282,110
4703,42.9198446,-78.89806969534371,93
4704,40.5750266122449,-73.98572367346941,110
4708,42.599403104166704,-76.1798977083333,99
4709,41.59803344651021,-73.91146278515859,72
4710,42.9579011,-77.056976,31
4711,42.8805302,-75.8746342,99
4712,40.9170167213884,-72.663198671947,4
4714,40.951936750185396,-73.727552059454,110
4717,43.0701121,-76.0980832,99
4719,42.27511725,-78.6704970085185,93
4720,42.9197307,-75.8664345,99
4721,41.4464696544258,-74.4214393429694,72
4740,41.0145232646406,-73.861616145289,110
4742,40.74649210000001,-73.95154040000001,110
4743,40.7067227,-73.8732597,110
4744,40.65052160000001,-74.0144263,110
4745,40.6372257,-74.0756332,110
4746,40.733597879596296,-73.44588651439071,110
4748,42.964632130475906,-75.5861038184634,99
4749,42.66372,-73.74427,111
4751,43.7149927543196,-74.9700251523263,28
4752,40.96775,-72.648395,4
4753,40.858979,-73.644083,110
4756,41.0593888459935,-74.0217129902255,110
4759,42.812435380952394,-73.93839638095241,111
4778,40.7142757,-73.93651910888721,110
4779,40.8908555,-73.35397090000002,110
4781,42.354529105794796,-76.8262502938154,31
4782,42.615096269043796,-74.07306078576771,111
4783,42.4213433306986,-74.0551081694932,111
4785,41.5016501,-73.96304909999998,72
4786,41.766748240454895,-73.9300774703213,72
4787,44.8814099654999,-75.04830452232099,28
4789,42.1551591,-77.0564722,31
4790,43.1996561428571,-77.6367268571429,31
4792,40.96775,-72.648395,4
4794,41.931636,-74.012151,72
4797,40.636479,-74.077407875,110
4798,40.70603060000001,-73.9236202,110
4821,42.867773799999995,-76.9809403459945,31
4822,44.188294,-73.452543,70
4823,40.75063,-73.942849,110
4824,42.143064789473705,-77.0530128947368,31
4825,42.438443124828794,-76.50775470290871,99
4826,43.085440999999996,-76.329676,99
4827,43.093059999999994,-77.514256,31
4828,40.919977101010105,-72.6741192424242,4
4829,42.65899476058871,-77.05463634953291,31
4832,43.31016635,-73.6445186132549,111
4834,41.0366959,-71.9440878,4
4836,41.4965911938775,-74.00811698979591,72
4838,42.102191999999995,-76.0482780204082,99
4859,41.717214050318496,-73.8859127379777,72
4860,40.9414042054245,-73.0677285504708,4
4864,43.0888891,-73.7769944,111
4866,44.243473755101995,-74.4865214489796,28
4867,42.7286018,-73.6899808,111
4870,40.7404088,-73.9573397,110
4876,41.36222100000001,-74.270801,72
4908,40.70717835,-73.30289018987351,110
4910,42.7179512844359,-78.00159923131359,31
4911,41.1586083529412,-73.8637307647059,110
4914,42.084393,-73.79714799999998,72
4915,40.6715855555556,-73.42019,110
4916,40.6769023,-73.98408979999998,110
4942,40.801860999999995,-73.9106405393459,110
4943,42.1112374641151,-76.2695094139715,99
4946,43.1561175454545,-77.5803465454545,31
4947,40.6798144,-73.9821529,110
4948,42.911678,-76.34398,99
4949,40.7431826,-73.9511062,110
4950,42.0912103379534,-77.5526894569569,31
4951,42.87507,-77.262436,31
4953,42.86463714325829,-77.01110326446909,31
4954,42.205758,-74.382878,72
4955,42.9820064750121,-78.5781031804312,93
4973,42.8969263,-74.08092540000001,111
4974,43.148928999999995,-75.212678,99
4975,43.1585531428571,-76.33288571428571,99
4976,40.9345744,-73.90293309999998,110
4978,35.7227625,-77.9120318,37
4979,33.9727036424402,-78.38636517320971,95
4980,35.5914556,-78.794223,64
4981,35.069398766772196,-77.3674928534173,37
4982,36.2033414,-81.668461,121
4985,35.3737065,-83.2218237,26
4987,35.95802600000001,-77.80208266666669,37
4990,35.591667626224606,-82.55191879386,65
4993,35.230607531763894,-80.82704272134579,88
4994,36.3936208490969,-78.9814636740729,64
5010,35.2413880896314,-80.86710842759959,88
5013,35.658418250584205,-78.8358893183952,64
5014,35.78798475,-78.77797444453729,64
5015,35.5257480367708,-82.9938365724951,65
5017,36.222103999999995,-81.645208,121
5019,35.2319789,-82.7303593,65
5020,35.7778629763218,-78.63669379550291,64
5022,35.5879562,-82.5537906230192,65
5023,35.4157357821076,-80.6060002786602,88
5025,35.7438093,-79.1652429,64
5026,35.65610510000001,-78.85444105,64
5028,35.2657750702449,-81.1874122346736,88
5029,33.952339,-78.0477587,95
5030,35.88341099999999,-78.582171,64
5031,35.7756043,-78.64405,64
5032,34.7210521923077,-76.7113740769231,37
5033,35.1875471800016,-83.3719478402946,26
5053,35.5980644,-77.591863,37
5054,34.242576,-77.945422,95
5055,35.6974141411376,-82.561573697509,65
5056,35.5812855,-78.8000193260112,64
5057,36.165102561230995,-81.8665760187748,121
5060,35.8057623142808,-78.91133713644321,64
5061,35.7036855714286,-79.8144777142857,64
5062,35.4929673012807,-82.9917807217592,65
5064,36.00310675,-78.89959435025409,64
5065,35.8130982588262,-78.6251336914828,64
5066,36.101006,-79.78321700000002,1
5067,35.8961171942153,-78.7451357780827,64
5068,34.0408072094185,-77.9038203981021,95
5070,35.5886248998363,-82.5536715280212,65
5071,35.5986648,-82.5533973,65
5088,35.5702055141848,-82.5456631071331,65
5089,35.591231497311796,-82.55603746898741,65
5091,35.4789028571429,-79.1789631428571,64
5095,34.2367162857143,-77.94767214285709,95
5096,36.1219160510204,-80.0718157755102,1
5097,35.5706022,-80.8683812,88
5098,35.1813336326531,-83.3828255,26
5100,35.20146285,-80.8736241159645,88
5102,36.0686165,-79.79077029999998,1
5105,35.619217,-82.31794593211741,65
5107,35.8078806132214,-78.6243080737313,64
5130,35.6015909,-78.8026696,64
5131,34.717387989130394,-76.6504293369565,37
5132,35.428795,-83.44602900000002,26
5134,35.4311525,-83.446278,26
5136,35.8045083014503,-78.6334520510561,64
5137,34.234139714285696,-77.9482695918367,95
5139,35.6665272792247,-80.46853162501199,88
5140,35.0292106726028,-76.69472257215779,37
5141,35.80458079516829,-78.6336946752982,64
5143,35.2397174285714,-80.81513271428571,88
5144,35.7313114,-81.342295024641,88
5147,36.084466,-79.80419599999998,1
5165,35.609588295483704,-77.3769482237884,37
5166,35.4360323569646,-80.84384068034821,88
5167,35.7931167,-78.68751490000002,64
5168,35.41030435,-80.58066579999998,88
5169,35.2199558631579,-80.8054236526316,88
5171,35.3145325918367,-82.458814122449,65
5172,35.054006216911,-83.19553951423359,26
5173,34.789988406904,-76.859456691807,37
5174,36.28339788513721,-80.85245659630921,1
5176,35.7461806,-78.8439995,64
5177,35.80911029999999,-78.6231748,64
5179,35.8985564050046,-77.5355731668211,37
5180,34.242240420821,-77.8239016974168,95
5181,34.9252405714286,-80.74349914285709,88
5184,35.246262,-80.825601,88
5201,35.1718311020408,-80.8784230204082,88
5204,35.20109925,-80.86956579524559,88
5205,35.60994375,-77.37544525,37
5206,35.7613626230434,-78.657447135714,64
5207,35.58942485,-82.5545418535317,65
5208,35.220512899999996,-80.8575419035654,88
5210,35.507540999999996,-78.749408,64
5211,34.2260974602254,-77.94884066521621,95
5212,35.5865571,-82.5665920052359,65
5213,36.253775,-75.891944,74
5214,36.0886822750035,-80.5045916479914,1
5215,35.523144129188,-82.416930726649,65
5216,36.5006581,-80.6090865,1
5218,36.0396084799379,-78.48610616475679,64
5220,34.2213165,-77.8868023066094,95
5222,35.36667960000001,-81.9581017,65
5241,46.8342507992405,-96.884736422929,78
5245,39.126397639871705,-84.7063481503403,51
5248,39.986852299999995,-82.90809859999997,76
5249,41.0851219267793,-81.516458822277,81
5251,41.069853203038704,-81.51788486858871,81
5253,39.1199575504541,-84.4180308597704,51
5254,39.0419795,-83.92097890000002,51
5255,41.46560548,-82.15710792,81
5256,40.8884869995027,-80.69353035907541,118
5258,41.47721765,-81.7844570504357,81
5259,39.7522308470898,-84.1772341867514,51
5260,39.4327471153846,-83.8309158461538,51
5261,41.326376260745,-81.8499456618911,81
5262,39.8225954,-82.8311352,76
5263,39.543781847170294,-82.44991564738959,76
5281,39.192788,-84.545876,51
5283,39.928559,-82.488973,76
5284,40.0836782857143,-82.4175214285714,76
5288,41.6962288733784,-81.3064457271104,81
5290,41.2660285565131,-80.8267686739182,81
5293,39.95045333901611,-83.0036774052528,76
5296,39.5766464255113,-84.23082816426151,51
5297,40.0442340994456,-82.41720527674941,76
5298,39.6829479756097,-83.9291368536585,51
5300,41.590252,-83.61522535,22
5302,39.988002,-83.030429,76
5303,39.735915999999996,-84.16227099999998,51
5318,39.11952,-84.41348590000003,51
5319,39.4668811445812,-84.3467897503445,51
5320,41.03767553061221,-83.6481739387755,22
5321,41.390907169874,-84.1245567040122,22
5322,39.9890465714286,-83.03279942857141,76
5323,41.3503449487179,-82.10041992307691,81
5324,39.260923999999996,-84.390108,51
5328,41.6530711,-83.5462275,22
5331,41.4744919393939,-81.70785487878791,81
5333,40.2723994285714,-81.86176557142859,41
5334,41.202942,-81.442913,81
5335,39.6279681199441,-84.17333139944779,51
5338,40.024947809523795,-82.47380719047621,76
5341,40.163525899999996,-83.07401209999998,76
5343,39.3315139,-82.0905355476436,76
5345,40.7995432,-81.93429705,41
5359,41.1363337718929,-81.86844378784009,81
5361,39.95787195,-83.0115076283597,76
5363,39.1463506,-84.4721318,51
5364,39.3333322660354,-82.12957738210571,76
5368,39.84329,-82.80690820000002,76
5370,41.139183,-81.372012,81
5374,39.027513,-82.03426800000003,76
5376,41.4848964,-81.7036495,81
5377,41.4857374634146,-81.7027281463415,81
5379,41.14618347368421,-81.4723705789474,81
5384,39.46109582067911,-82.23343359043992,76
5385,39.4009136,-84.5638199,51
5407,39.992787,-82.982658,76
5408,39.1183685524544,-84.51924466138429,51
5410,39.118674,-84.522243,51
5411,41.14441160000001,-81.4748217,81
5412,39.05398395842371,-84.0530761824684,51
5413,41.099486999999996,-80.7874274795918,81
5414,41.662495,-83.650886,22
5415,39.860912,-84.045082,51
5417,41.4744919393939,-81.70785487878791,81
5418,39.1059299127606,-84.5362431006277,51
5419,39.981854999999996,-82.960769,76
5423,41.134899952298,-81.55341503335791,81
5425,39.445756120603,-84.41215417085431,51
5443,39.516166855348,-84.40683123043141,51
5444,40.359815318181795,-83.76289625,22
5445,40.844015999999996,-81.498326,81
5447,40.866706,-81.42242399999998,81
5448,41.4704023782235,-81.9462011060172,81
5449,39.9672375080153,-83.0662676671791,76
5450,39.053239888888896,-82.6387643333333,76
5452,40.300173,-83.069285,76
5453,39.6379944,-84.2885964531528,51
5454,39.109195408163295,-84.43295077551021,51
5455,39.111325,-84.51750995,51
5457,40.4731640714286,-84.6288605,51
5459,41.4869219,-81.7361552,81
5460,41.503726,-81.56583509999999,81
5463,41.7146846240162,-81.3000101194962,81
5465,41.58642800000001,-81.549766,81
5483,41.069853203038704,-81.51788486858871,81
5484,39.110090818181796,-84.509442,51
5487,40.057228172848,-82.4556440922082,76
5492,39.16078270000001,-84.5419628181115,51
5495,39.1489024615385,-84.598433,51
5496,39.207278499999994,-84.47461690000002,51
5497,41.412532591549294,-83.86731384507041,22
5499,39.9577586034483,-82.99517953448279,76
5500,41.44993,-81.820461,81
5501,39.956034285714296,-82.0042296122449,41
5502,35.2573889069693,-97.46818222271229,56
5503,36.0784446,-96.04811550000001,104
5505,35.460996732566,-97.5279235995217,56
5506,35.2761135,-97.4819196,56
5526,36.15561908163271,-95.9795864081633,104
5529,36.0655116,-95.8887734,104
5530,35.438429202628704,-97.5202536538877,56
5531,36.1163409,-97.0595399,56
5533,36.134457,-95.9646299,104
5535,35.5367322,-97.4064432,56
5537,35.4787783,-97.6785729,56
5538,35.50050560000001,-97.60116070000001,56
5539,36.7024928980082,-97.08161761184999,77
5540,36.022011894117604,-95.97591225882351,104
5546,45.48882655,-122.641249469587,27
5548,42.3898306,-124.4155402,120
5564,46.1898025918367,-123.831516,132
5565,45.52597595,-122.68565615,27
5566,45.50680595,-122.65508276483601,27
5567,44.7787802,-117.82949620000001,122
5570,45.5198818,-122.65611084313,27
5571,44.0150430706896,-116.953980599592,47
5576,44.920839640031296,-123.010424806815,143
5585,46.191323499999996,-123.835151010323,132
5586,45.5233261,-122.65846950000001,27
5587,42.1837384599099,-122.663374407476,101
5589,45.4709556,-122.7900557,27
5615,45.431425899999994,-122.840033324208,27
5616,45.45730575,-123.84540347489599,132
5618,43.70234470575439,-124.09740210961,120
5621,43.20847379999999,-123.34459790000001,120
5622,45.54737005,-122.67511854941401,27
5623,45.228999948534295,-123.15196186030701,143
5624,45.54002045,-122.66841465,27
5626,45.347403799999995,-122.62179093511101,27
5641,45.3841006,-122.75980449999999,27
5642,45.5239106,-122.5257352,27
5643,45.48500105,-122.63920916038201,27
5644,44.9050457598775,-123.01911775468099,143
5648,45.2140723442996,-123.18797279788299,143
5651,45.4968753,-122.634827,27
5654,45.51421585,-123.099025351556,27
5657,44.2749960408258,-121.17440856222099,100
5658,45.499922428571395,-122.43083899999999,27
5659,45.540922714285706,-122.673082571429,27
5660,45.54014675,-122.61067265665001,27
5661,45.560506,-122.51102751754401,27
5662,45.587639847172795,-121.53758370257201,27
5663,45.57066185,-122.6818062,27
5665,45.51247125,-122.65641486327401,27
5666,45.50342379999999,-122.49240640000001,27
5667,44.0517483327816,-123.09285066449199,143
5682,45.56244470000001,-122.6708111765,27
5686,45.5368535,-122.40606409999998,27
5687,45.47711805,-122.672622265963,27
5689,45.4792439,-122.6936922,27
5693,43.208554,-123.349051,120
5694,44.904043,-123.051309,143
5695,45.3460402947082,-122.65206536742,27
5698,45.4637206,-122.70008091720501,27
5700,44.0729935509725,-123.14102413869499,143
5702,42.3406442857143,-122.895928035714,101
5704,44.5612822,-123.2608445,143
5705,42.32230437751,-122.868327674699,101
5717,45.457892070147494,-123.846299061373,132
5719,44.04627307524368,-123.021446840161,143
5729,45.515868836734704,-122.656467040816,27
5730,45.5118679,-122.61993209370002,27
5732,44.9199888811689,-123.010396800691,143
5734,45.5400892211055,-122.712570924623,27
5738,45.00421983985768,-122.782140236887,143
5739,44.060390399999996,-121.307915134821,100
5740,44.2375883,-121.19215700000001,100
5741,44.35335900223411,-123.690664523597,143
5744,42.1976451,-122.71457931599899,101
5745,43.585639,-119.06081299999998,122
5768,45.4187654,-117.27137179999998,122
5769,45.4787523,-122.449773554501,27
5771,45.534692422200095,-122.89896375709999,27
5772,45.3677330501102,-122.83088022340701,27
5773,45.4958797,-122.7423002,27
5775,45.5185238,-123.11425619999999,27
5777,45.4563275,-123.8425805,132
5781,45.673068102040794,-118.78425055102,122
5782,45.3148594577626,-122.92884092208901,27
5783,44.055354200000004,-121.26039154918001,100
5785,40.5098495749574,-80.15020356338309,118
5786,41.8336364,-75.8800318,99
5787,39.79422185042071,-76.9803000897366,109
5814,40.4488158,-80.02215670000002,118
5819,40.210228,-79.768066,118
5822,40.2633825,-76.8712077,109
5823,40.611653600000004,-75.3745048,40
5826,40.404159899999996,-79.8702107,118
5846,41.23995479999999,-77.051529,109
5847,40.5910341,-75.3464618,40
5852,40.485306,-78.730634,118
5853,40.5174116,-80.16333047880309,118
5857,40.9922807,-76.0585835,40
5858,40.4726062,-79.9232026,118
5862,39.94891984144429,-76.7627365219678,109
5865,40.398620510204104,-79.8411685918367,118
5890,40.4589113721929,-79.91162695879929,118
5891,40.4668040264767,-79.965533165784,118
5893,42.108963,-80.1219366,93
5894,39.9757801778721,-75.134015609062,55
5896,39.976092,-75.136886,55
5897,40.052413,-76.3011427142857,109
5900,40.532105,-75.49501857142859,40
5901,40.3248479,-79.70296259999998,118
5903,40.3619958505527,-74.95077674550109,55
5904,40.3962869475081,-80.184716700234,118
5905,40.5934361752577,-75.4745370824742,40
5928,40.4884044,-79.9224894,118
5937,41.3014372011081,-75.32415971645601,40
5939,39.910080625,-79.71813225,13
5940,42.108963,-80.1219366,93
5941,40.541266550239,-79.7784404441805,118
5942,39.9585420306257,-76.7437525425244,109
5943,39.9606778163265,-75.1550941428571,55
5944,40.094426299999995,-76.71572890000002,109
5965,40.32438895,-75.06133010024641,55
5971,40.1982144,-77.1890465,109
5976,41.0634559915871,-80.0556628698963,118
5979,40.7347750382959,-80.3119013356857,118
5980,39.982827363636396,-75.12769990909091,55
5983,39.93828660000001,-75.1900898,55
6005,40.447457314735296,-79.7638979257406,118
6007,40.962031,-76.618447,109
6011,40.477160999999995,-79.95694300000002,118
6012,40.038905,-76.18731,109
6013,40.2585645714286,-80.18750485714291,118
6014,39.9562965,-75.1475016,55
6021,39.7322665965133,-76.44958323969959,109
6045,40.69553485,-80.0095235,118
6046,40.2000605952624,-75.53755463620959,40
6047,40.454606299999995,-79.99514690000002,118
6048,40.630118599999996,-79.97096590000002,118
6051,40.6481783182778,-75.4680534197733,40
6060,40.1799027858692,-75.5475216265687,40
6079,39.8023294804768,-76.989769769602,109
6082,39.92530585510129,-78.9569570696799,13
6083,40.013655,-75.2004703333333,55
6085,40.5337932244898,-75.4936659183674,40
6089,41.869390692307704,-71.41017837179491,82
6090,41.385011,-71.832459,82
6092,41.730117,-71.445959,82
6093,41.9957057433531,-71.48836293744,82
6095,41.4812798522534,-71.56763231890659,82
6096,41.5293214,-71.27266340000001,82
6097,41.554186,-71.523075,82
6121,34.8028183,-82.3491500488271,65
6122,32.781811,-79.985096,32
6125,32.8829971086798,-79.9755637991219,32
6126,32.817102,-79.954817,32
6127,34.0169502857143,-81.0400401428571,88
6128,34.723368,-83.04292099999998,65
6130,35.0326818386014,-80.96649993599709,88
6136,32.8336083,-79.9540931,32
6137,32.8185299963622,-79.9506892780644,32
6162,34.84657670000001,-82.3451569114422,65
6164,32.8072823854694,-79.9439381993063,32
6167,32.9255082,-80.0664232,32
6168,32.271537699999996,-80.9199124,32
6169,34.9666584952466,-82.4422763889711,65
6170,32.8076133599163,-79.9456937208899,32
6171,34.796676700000006,-82.42335755,65
6172,32.7601392286237,-79.9732138160205,32
6173,44.5175219,-103.8706684,79
6174,44.3511162245966,-103.77216259521299,79
6175,43.607852974855696,-96.7085261318935,46
6197,44.07889,-103.227816,79
6201,35.9593516,-83.90354690000002,26
6202,35.6174542028515,-87.0332968790231,108
6204,36.181424,-86.786174,108
6205,35.0916037009048,-85.310176033573,147
6208,36.1579678295884,-86.8097436319194,108
6211,36.4514343,-86.53805,108
6212,35.9446066759592,-85.4220608277859,147
6213,35.0363334908815,-85.314430246936,147
6216,36.165123,-86.794546,108
6217,36.1533486,-86.77422743053249,108
6234,36.594077,-82.18356135,121
6235,35.9917510649748,-83.94224452376079,26
6236,36.160449257947505,-86.8403168839933,108
6238,36.008605123548705,-83.9471706482184,26
6239,36.161868,-85.507921,147
6240,36.574583000000004,-82.1910353,121
6241,36.150381700000004,-86.77949890000002,108
6242,36.1455617853516,-85.52373890373559,147
6243,36.31715950955029,-82.3463696243846,121
6244,36.3116959532105,-82.3548364803802,121
6248,36.174546,-86.7769747142857,108
6249,35.008643261185,-85.3278569212857,147
6250,35.89355399999999,-86.866949,108
6251,35.124722999999996,-89.990701,71
6252,35.957530102427604,-86.6700957287462,108
6254,36.1491212,-86.77064759999998,108
6255,35.3607568616136,-86.1982374055717,147
6274,35.9693984377798,-83.9181404359167,26
6275,35.9607605,-83.8972435,26
6276,36.17632511111111,-86.7565172222222,108
6282,36.150375200000006,-86.7762132,108
6284,36.1645838804147,-86.85861737266208,108
6287,29.951546399999998,-95.5186591,43
6288,30.385202399999997,-97.71189129999999,6
6289,29.711365,-98.232345,6
6290,29.748778299999998,-95.3559402,43
6291,33.617887318202,-96.60698055102979,25
6292,30.192699570172802,-98.09006207911258,6
6293,30.382628600000004,-97.7201589,6
6294,29.4290232136232,-98.47716379898199,6
6295,30.246857399999996,-98.84672629999999,6
6332,29.725624040816307,-95.4133746530612,43
6333,29.5551351,-95.41741490000001,43
6335,30.050428387755105,-99.1392822040816,6
6339,29.8272753825503,-95.4097416610738,43
6340,30.16447,-96.3986627,43
6362,29.650113399999995,-95.15119250000001,43
6363,31.56428,-97.124214,25
6364,29.690915606936397,-97.9047789413549,6
6365,29.775978000000002,-95.4160849,43
6366,29.883798,-97.672065,6
6370,30.316443,-95.46266,43
6371,32.955985999999996,-95.28872700000001,91
6373,33.216516999999996,-97.131672,25
6374,32.564891244898,-97.14195567346941,25
6375,32.7363074081633,-97.10256904081629,25
6377,29.405708,-98.50237299999999,6
6378,30.3110713,-97.74286109999998,6
6380,32.2553345,-95.30816949999999,91
6381,29.8019913,-95.4164348,43
6404,32.958039153541996,-96.7268825513068,25
6405,32.779349100000005,-96.830624167423,25
6406,32.77172705,-96.79155915,25
6407,33.2130029718898,-96.6091177413659,25
6409,30.262861600000004,-97.6961854,6
6410,29.478,-95.04696,43
6411,29.25564390000001,-94.8491535,43
6413,33.004493842105305,-96.58583347368419,25
6416,29.82167380000001,-95.42236290000001,43
6418,32.9115187673926,-96.44026587544771,25
6419,32.9304433571429,-96.89883127551019,25
6420,32.741719,-97.324895,25
6447,29.974854399999998,-95.2633815,43
6449,33.7552821659352,-96.5372904833798,25
6452,33.1398710518474,-96.1059881261706,25
6455,30.749121000000002,-98.06939399999999,6
6456,32.7400863,-97.0489748,25
6457,30.2089852,-95.751352,43
6462,32.7999840454545,-96.8395214545454,25
6486,32.495365,-94.74035400000001,91
6487,33.044038,-96.9935314081633,25
6488,30.383929499999997,-97.7147024817276,6
6490,32.763680900000004,-97.3379353773193,25
6493,32.7967768686869,-96.8303188181818,25
6496,32.38463715,-96.8514105101343,25
6502,29.7287966938776,-95.5169485918367,43
6532,32.9479768375477,-97.253964462839,25
6533,29.7489938,-95.3435901,43
6536,30.358754600000005,-95.4776897,43
6537,29.8677396,-95.3149254,43
6540,30.5678257894737,-97.4242441578947,6
6541,30.568803999999997,-97.40958499999999,6
6542,32.743523242424196,-97.3287922727273,25
6544,32.951221999999994,-96.845846,25
6572,30.252165500000004,-97.7487141,6
6573,29.8036158,-95.3870438,43
6575,32.34866425,-95.31600025,91
6576,33.1837042244898,-96.61169548979592,25
6577,32.91862635,-96.96767265859569,25
6578,30.262109000000002,-97.7612693851351,6
6579,29.734211300000002,-95.37594109999999,43
6582,33.913486,-98.491525,56
6585,30.2621507,-97.7245745,6
6586,40.59502020000001,-111.9007652,49
6615,40.559802330820105,-112.29781778729999,49
6616,40.7518734663693,-111.88172473684601,49
6618,40.755053333333294,-111.895509,49
6619,40.7505505,-111.8906741,49
6621,41.083208783376605,-111.979338866679,49
6623,40.729823700000004,-111.94815679999999,49
6626,40.6418424,-111.49458359999998,49
6650,44.4793121,-73.2200287,70
6651,44.4906838,-73.1924334,70
6652,44.3353247,-73.1089808,70
6653,44.148796600000004,-72.6556223,70
6655,44.136511,-73.07900699999998,70
6657,44.582023,-72.9940246666667,70
6661,42.8845716422375,-73.20053876554441,111
6662,44.4594977,-73.2148327517794,70
6663,44.3946042903555,-72.1774857648902,70
6664,43.64560685,-72.3182154652398,126
6667,44.5889469434272,-72.6051502167353,70
6689,44.470714,-72.791432,70
6693,37.23076500000001,-77.407177,60
6695,37.3630212377705,-79.2891789878175,1
6696,37.568442499999996,-77.4720123714015,60
6697,38.880764818181795,-77.1723435909091,20
6698,38.753561832923396,-77.48972051055179,20
6699,38.37729210000001,-78.2625296,84
6700,36.584786,-79.386371,1
6703,38.9914288991512,-77.417287599377,20
6704,36.8649338939394,-76.30742244949502,74
6705,37.2724143983581,-79.94873144474059,1
6706,36.67862015,-76.22847988572721,74
6707,39.113417999999996,-77.562422,20
6731,39.1150351,-77.5648925,20
6732,37.931256468446,-75.3621928101953,141
6733,39.112755799999995,-77.56497309999997,20
6734,36.7274068334129,-76.57994305383559,74
6735,36.59629295,-82.1842084967108,121
6736,38.457570000000004,-78.861099,84
6737,36.9207956290998,-80.3246258203848,1
6739,37.5470789674866,-77.46012853987591,60
6741,37.08233900000001,-76.39947559999997,74
6743,36.8716997746987,-76.29561291939821,74
6744,36.913525299999996,-76.1318655,74
6746,39.1122678111719,-77.56287084681291,20
6747,36.6397335634947,-81.80251841091051,121
6748,39.1360524,-77.69298485,20
6772,39.19554463971,-78.1634731985498,20
6773,37.611455494898,-77.46933476020409,60
6776,37.5549502169569,-77.4859799936413,60
6778,37.115167300867,-79.95438625954709,1
6779,38.0325762323232,-78.4950551111111,84
6780,38.6633577355226,-78.45970044748071,84
6781,38.750750828148,-77.4884147646695,20
6782,38.3053991,-77.45511040000002,60
6783,36.8591240833333,-75.9798143333333,74
6785,37.56890085,-77.4683863143995,60
6786,37.8006629828106,-78.4961166727378,84
6787,38.96828120000001,-77.3411707,20
6788,37.5266924,-77.44297490000002,60
6809,37.74046720000001,-78.00369659999998,60
6811,39.015644093157704,-77.4767343639914,20
6813,36.862579338221,-76.3975914060349,74
6814,38.0926918703604,-76.8321653897879,60
6815,36.715687,-79.70721,1
6816,38.8442198418856,-77.08966298841129,20
6817,37.3047441374353,-80.0302754470699,1
6818,36.8697822,-76.2862508804195,74
6819,39.022263676780796,-77.4560803103224,20
6820,38.523145,-77.91079599999998,84
6821,37.2944017436281,-80.040531678569,1
6822,37.30925145,-80.03326650056479,1
6824,36.909938000000004,-76.079164,74
6826,37.272790745225,-76.7084565344813,74
6827,38.03470505,-78.4871203344393,84
6847,38.3073792653061,-77.4631213673469,60
6848,38.147407,-79.074515,84
6850,37.330026000000004,-80.80760500000002,1
6851,36.8703271,-76.28310936839242,74
6854,38.99929470000001,-77.42922420000002,20
6855,38.1472346022388,-79.073779313066,84
6856,38.75099521739129,-77.471427,20
6857,36.86023395,-75.980788471997,74
6858,37.2747342322484,-79.9496258205239,1
6861,38.27297555,-77.4562531619945,60
6864,36.87609575,-76.30542792751041,74
6865,37.09992525,-76.3944219405428,74
6867,37.56830695,-77.47534350052558,60
6885,38.4487621,-78.86549649999998,84
6886,37.0845471,-76.4770317,74
6889,37.2807514285714,-79.8974688979592,1
6890,37.5259842,-77.44204090000002,60
6892,37.5574905,-77.45177790000002,60
6893,38.6847496694963,-77.31791007115349,20
6895,37.23145288972229,-79.707972306195,1
6896,39.1885771237113,-78.1622130515464,20
6897,36.7123245,-81.966309,121
6900,47.75670075,-122.241565244724,133
6901,48.037428999999996,-122.136104,133
6902,47.242614,-122.4390379,0
6903,47.4119802,-122.23910259999998,133
6904,48.936587700000004,-119.43053059999998,67
6906,46.1366198701715,-122.932740850085,27
6923,47.980891799999995,-122.21468670000002,133
6925,48.9790061428571,-122.699045857143,85
6926,45.728722533995104,-121.820375417521,27
6927,47.5696392121212,-122.65337363636401,0
6928,47.669903939393905,-117.28291899999999,12
6929,47.423747,-120.309353,67
6933,45.625768018659706,-122.671891061604,27
6936,47.676455744637785,-117.426549729628,12
6938,47.5792621222038,-122.074740001893,133
6940,48.535781799999995,-121.73781670000001,85
6941,47.6854905973154,-122.14550957046998,133
6943,47.6826657,-122.355108,133
6966,47.771193601091795,-122.12254845700001,133
6968,46.0940928,-118.26532859999999,122
6969,47.7571424,-122.24408655486,133
6970,47.0449127346939,-122.900173959184,0
6971,47.6717847,-122.19675829999998,133
6972,47.8679484527978,-121.95846450458599,133
6973,47.6116138,-122.3452717,133
6974,47.4335301529336,-120.314027239559,67
6977,46.7354924848485,-122.999969333333,0
6978,47.766191799999994,-122.14848429999999,133
6979,48.1065812,-122.80305940000001,85
6981,47.594608827211104,-120.659822512213,67
6982,48.04032120000001,-122.40904350000001,133
6983,47.8010831,-122.50015865483299,133
6984,47.2529245353535,-122.43942463636401,0
7007,45.727702985782,-121.486110272598,27
7008,48.4431376,-122.33696450000001,85
7010,47.03437128571429,-122.895417857143,0
7011,46.1341850577576,-122.93262868276699,27
7012,47.6615295,-122.319801733641,133
7013,47.6920561,-122.35507209999999,133
7014,47.5560348,-122.2840136,133
7015,47.328838,-122.006345,133
7017,48.5302680302843,-123.02233265909099,85
7020,45.667812700000006,-122.639599,27
7021,47.5763508,-122.3338908,133
7022,47.228058959183706,-122.477272122449,0
7040,48.7472243,-122.4822547,85
7041,46.617844,-120.530565,67
7042,47.6592451,-122.36559094051,133
7043,47.8860915,-122.0812498,133
7044,47.761616922010404,-122.331134015984,133
7045,47.4760991775467,-122.205605,133
7046,47.320693299999995,-122.17643840000001,0
7047,47.02543195510199,-122.93562180816299,0
7048,47.6308277,-122.3745615,133
7049,46.601893401632296,-120.50973210512801,67
7050,47.6571208,-117.21785259999999,12
7051,45.6202601,-122.5483264,27
7052,46.975367122449,-123.88656124489799,132
7056,48.702680532322205,-122.915252600923,85
7057,48.7601273,-122.46456450000001,85
7058,48.7576734843602,-122.45392809366301,85
7059,48.016110715697295,-122.063255244378,133
7060,47.698080600000004,-122.3455994,133
7078,47.5664595,-122.62576940000001,0
7079,47.6648583,-122.3691135,133
7080,47.550261799999994,-122.3171301,133
7081,47.6991435,-122.180943,133
7084,47.625542700000004,-122.3520571,133
7087,48.763550857142896,-122.486221142857,85
7088,47.764220981136,-122.151561066024,133
7091,47.685411081888105,-117.28375499909401,12
7095,47.242887100000004,-122.5022378,0
7096,46.9464943737374,-122.61465208080799,0
7097,47.5291711157895,-121.872184684211,133
7099,46.333147,-124.05458270000001,132
7118,47.6666586,-122.37251780000001,133
7119,47.250289,-122.437927,0
7121,47.1989594,-122.27724540000001,0
7122,47.6403069,-117.5924443,12
7123,47.6180009,-122.31673810000001,133
7128,47.6638679,-122.37703,133
7130,47.6082151,-122.3397179,133
7131,47.6645382,-122.36802879999999,133
7132,47.66392007747721,-122.105077242071,133
7133,48.109151928564394,-122.77344408198299,85
7134,48.27618,-117.71646000000001,12
7135,46.0913886,-118.2755318,122
7136,47.31204189863181,-122.22908845213199,0
7138,47.211482000000004,-122.48489,0
7152,47.668227200000004,-122.299162006348,133
7154,46.6024019807137,-120.50572286356001,67
7155,47.6655088,-122.37216409999998,133
7156,47.66540870000001,-122.37324679999999,133
7157,47.656053083333305,-117.43235083333299,12
7158,46.2054338,-123.38537420000002,132
7163,47.3331973855202,-118.68674652608802,12
7164,47.6557532,-122.3732188,133
7165,47.2222870970745,-120.99472475205,67
7167,47.9736304,-122.19432179999998,133
7168,47.5760786,-122.335500297762,133
7174,47.25531270000001,-122.472174,0
7175,46.329211735513496,-120.011490159278,67
7197,47.7398382,-122.6596831,133
7198,47.69800495762161,-117.25381066342199,12
7199,46.974242,-123.81773000000001,132
7200,48.718515999999994,-122.497165,85
7202,47.6666399,-122.37118829999999,133
7203,48.74988055,-122.47445069945101,85
7204,48.055471318714396,-122.171023514565,133
7205,47.2525614141414,-122.443739818182,0
7206,47.1448735537829,-119.27817373920601,67
7209,47.192525110807885,-122.291349749659,0
7210,47.934747456747,-122.09170859172801,133
7211,47.8624107598155,-121.816215806767,133
7212,45.6390464432333,-122.671309865441,27
7213,47.67521470000001,-122.3178868,133
7215,47.655247998136,-117.42816514490102,12
7216,47.6605861,-122.3902975,133
7233,46.3237031875,-120.0157684375,67
7235,48.7541094693877,-122.473755877551,85
7236,46.606272143526105,-120.535661741211,67
7238,47.5643605,-122.37762959999999,133
7239,46.998945299999995,-120.55526119999999,67
7240,47.6564232,-117.4267386,12
7241,46.3204119,-119.2999357,67
7242,48.2872803489933,-122.659915832215,85
7243,47.24075878,-122.42911328,0
7244,47.655247998136,-117.42816514490102,12
7247,38.281622999999996,-80.851475518879,1
7248,38.9176560940239,-79.8514310851288,13
7249,40.060033000000004,-80.724448,118
7250,38.923407,-79.849588,13
7251,39.6272755,-79.9507513,13
7253,39.2892688163265,-77.86015132653058,20
7255,39.142037,-79.498521,13
7275,39.1289987752652,-79.46467539715941,13
7278,43.004362417813,-87.9060694231764,21
7279,43.773845612244905,-87.730065244898,135
7286,44.4966971818182,-88.0513647272727,135
7289,42.7264151187199,-87.78630171616999,21
7290,43.071024,-87.9000845699775,21
7293,44.9317946202386,-91.3964659335745,106
7295,44.951510999999996,-89.6174386,45
7308,43.33907787755101,-89.01542922448981,113
7309,43.0339815,-88.0118646,21
7310,42.6802841836735,-90.11787155102041,113
7315,44.959339,-92.176188,106
7320,46.735281163265284,-92.10117748979592,115
7322,44.3712155010867,-91.3167513033617,106
7323,44.0206919,-88.54085740000002,135
7328,43.085735897959204,-87.90107444897959,21
7331,43.0084144285714,-89.73830404081629,113
7332,43.9938571836735,-88.5425973061224,135
7346,43.066294899999995,-89.30533120222401,113
7350,43.126221,-89.3257324806858,113
7354,43.1729971906664,-89.9322691785827,113
7357,43.05421060000001,-87.90143961246321,21
7359,44.875861,-91.940075,106
7364,43.02500965,-87.91303681859141,21
7365,43.02500965,-87.91303681859141,21
7369,44.51462,-87.996992,135
7370,43.1858364,-89.42235790000002,113
7372,43.09180985,-89.35499478915159,113
7384,43.835173,-91.2352633365263,106
7385,44.094022204081604,-87.659310122449,135
7387,44.96542520000001,-92.68354304258499,5
7388,43.7477014,-87.97767370000004,135
7389,42.675506899999995,-90.72487192443451,89
7390,42.7318273846154,-87.7836648,21
7391,42.5762412514599,-87.9532177992012,21
7392,42.7305074081633,-87.78339257142858,21
7398,42.683545651504105,-89.02177314175671,113
7400,45.89588300000001,-89.695183,45
7401,44.0293888,-88.1632129,135
7402,42.5839921519281,-87.8184826109322,21
7403,44.29279125906711,-90.85115523038559,106
7404,45.18859223232321,-89.6830877979798,45
7407,46.5872012268752,-90.89277984397293,115
7408,46.670614268668395,-90.9011646443901,115
7427,44.504459600000004,-87.9783883301305,135
7428,43.0791730977934,-88.9129639698996,113
7430,43.834243,-88.019601,135
7431,44.81894024401879,-91.50950907735191,106
7432,43.0346679,-87.9146199,21
7434,45.92935061829139,-89.25791850420391,45
7435,43.813015283145596,-91.25393660354807,106
7436,43.0861774,-88.8965312,113
7440,43.0447248,-87.9112223,21
7443,43.0113052505337,-88.0027164974316,21
7445,43.083337799999995,-89.3652802,113
7448,44.2866583,-105.5046114,79
7470,32.2233468061147,-110.96763048365801,18
7473,32.23567665,-110.946585309028,18
7474,36.3553520033412,-94.1327921626482,19
7475,41.3110557847974,-105.595218404732,14
7476,41.13534815381679,-104.813937743664,14
7477,41.131229690785105,-104.81695611292999,14
7478,42.760255205258005,-105.384208250914,79
7502,34.15334,-118.802397,35
7504,34.0084152,-118.1003743,123
7506,32.758075899999994,-117.211783346257,10
7508,33.8674125344355,-117.90800948478399,94
7509,32.6982174013939,-117.139754116945,10
7510,34.6582797,-118.14560719999999,123
7512,33.8623093,-117.87916159999999,94
7516,38.9086988790416,-121.07693836600599,3
7518,34.4314617171717,-119.875990868687,35
7520,37.7866722,-122.3097077,57
7522,38.376847113657,-121.35676855450501,3
7524,39.3362393422819,-123.12527033557,140
7525,32.771907,-117.02344199999999,10
7544,33.6360352824446,-117.610819350163,94
7545,38.914762089916294,-120.00199568053499,83
7546,33.204836,-117.30473700000002,10
7548,37.837819,-122.282003,57
7549,38.60754910000001,-121.264149,3
7550,34.1492456,-118.0010497,123
7558,38.4370939574769,-122.715472553127,127
7560,35.487726,-120.66767,86
7561,33.7480782319083,-117.86995807152901,94
7586,39.6886637350385,-104.987611697826,61
7588,39.740218799999994,-104.8854207,61
7589,39.77033220000001,-104.979247,61
7591,40.5505901157245,-105.07974893884199,14
7594,39.9084879,-105.075030240563,61
7595,39.755222700000004,-104.9770361,61
7596,39.76935334693879,-104.90626077551,61
7620,41.4837007101622,-72.26788505800779,4
7626,27.269363000000002,-82.483799,62
7627,26.8896463576254,-80.1146257093665,9
7632,29.6142515,-82.37363020000002,24
7653,43.576934438715895,-116.273944,47
7654,43.616091,-116.208681142857,47
7657,39.800527898961704,-89.65050393770191,102
7662,41.73187,-87.879257,59
7664,42.4896693836496,-89.0608245260048,113
7667,39.846853,-89.63092440000001,102
7670,40.453611242644,-86.914146891917,8
7685,39.1865667,-86.53436059999999,8
7686,41.49333495,-87.5226248920887,59
7687,39.7859772600274,-85.77122302894901,8
7688,41.5830167,-93.6370215944771,145
7689,42.5036239260055,-90.6677040399112,89
7690,41.047345299999996,-95.7356912,75
7693,37.84103841666671,-94.70741825,42
7694,38.05710985,-84.5013623362983,148
7695,39.08292505,-84.510807612036,51
7697,38.2598078,-85.6064539,103
7698,30.2154904285714,-92.0497892244898,116
7699,29.9199522,-90.0814177592866,11
7701,43.553358,-70.405728,107
7702,43.7062952227186,-70.3142737024466,107
7704,44.714462574948215,-67.4580455052046,23
7705,44.1280622,-68.8719897,23
7707,43.678384349842,-70.357762851534,107
7709,39.391045,-77.512519,20
7710,38.949326299999996,-76.94300279999999,20
7722,41.949260244105396,-70.7125549568343,82
7726,42.2103163400486,-71.5132367573311,30
7728,42.250158,-83.6099915,90
7733,42.303203,-85.578439,38
7737,44.755294,-85.64542490000002,48
7738,46.4093414081633,-86.6545251836735,105
7740,42.54345720000001,-83.1954642945733,90
7745,43.6118094755558,-84.7868955164943,146
7747,42.7505921020408,-84.5486098265306,146
7762,46.5008979387755,-84.3482782040816,48
7763,44.7580963,-85.6094760047576,48
7768,44.9629424545455,-93.0704208181818,5
7774,44.904259281338604,-93.4655115088591,5
7775,44.93295265,-93.084728925,5
7776,39.0924045,-94.57977386135401,42
7779,39.0926934,-94.57316949999999,42
7781,48.634430638306,-112.327076506344,136
7782,46.8766353,-114.00990970000001,53
7783,45.67961135,-111.039389424987,34
7801,41.207794799999995,-96.09807109999998,75
7802,39.5173316,-119.8090037,83
7804,39.511243,-119.762654,83
7806,43.027935,-70.79073199999998,30
7807,42.98495629999999,-71.41301095811009,30
7809,43.9758285775739,-71.12983195533279,126
7811,40.85378205,-74.82994530166921,40
7812,40.2765378,-74.79656177929421,55
7814,35.1144068181818,-106.617509060606,29
7819,42.6166195641026,-76.7278241025641,31
7820,43.41676935,-73.48739345700301,111
7821,43.555707,-73.655636,111
7837,41.372530674642,-74.6908826334695,72
7838,42.807293,-75.5456055102041,99
7839,42.598257000000004,-74.334814,111
7843,40.8730496670743,-73.5314032282192,110
7846,43.0494505918367,-76.1520931836735,99
7848,40.6287474285714,-74.1703372857143,110
7849,43.1563873843618,-77.56856466845801,31
7850,41.3143129456744,-74.53707954784458,72
7852,42.8756096723289,-77.26938994971829,31
7853,35.199581640194005,-83.8148779865557,26
7854,36.1681958415096,-81.87335600401009,121
7855,35.724931076571394,-78.6587157735483,64
7857,35.9709266,-80.0158688027711,1
7858,35.70884819319821,-78.8501437546017,64
7877,35.74762039999999,-81.6909377667023,121
7878,35.7902230560576,-78.7753789727503,64
7880,35.2906197777778,-81.54035755555559,88
7883,35.320600174629796,-82.45789699031091,65
7885,35.9774896,-78.51006170000002,64
7890,39.3487142533636,-82.09543176160369,76
7891,41.012865999999995,-81.61268000000003,81
7892,40.421447833333296,-84.49312675,51
7893,41.4754617027622,-82.0195372450403,81
7911,35.4185472,-97.657762025,56
7912,36.0617778,-95.95786009999999,104
7913,45.54849565,-122.613620946786,27
7914,44.77928865,-117.829347099531,122
7919,45.51932120000001,-122.58335572513,27
7920,45.52171275,-122.654188025389,27
7921,45.5249032,-122.65297334547199,27
7924,44.91644665177221,-123.020908362525,143
7926,45.321158200000006,-122.7733742,27
7953,41.1604454510374,-80.081300569722,118
7956,40.5014999328271,-75.79700352636809,40
7958,41.32157700000001,-75.79122159999999,40
7961,41.4545347,-71.50525998815229,82
7963,32.7990541201577,-80.0219063047438,32
7964,44.30472164767161,-96.7988125663931,46
7965,35.151554700000005,-90.01299240000002,71
7966,35.125851000000004,-90.059285,71
7986,35.140570000000004,-89.802564,71
7988,32.9304433571429,-96.89883127551019,25
7990,31.5248846162896,-97.1308195853569,25
7993,30.491657,-97.645332,6
7995,31.602990397258896,-94.6519853081344,91
7997,32.810933500000004,-96.73139599999999,25
7999,30.2174321,-97.7611749,6
8000,29.57569295,-95.28716205,43
8002,41.243496,-111.98444751020399,49
8004,36.5859034854422,-79.4212555321536,1
8005,38.064445102040786,-78.87398587755101,84
8022,38.0277402,-78.4784691,84
8023,39.1439069257241,-77.71365586689801,20
8024,38.6578116666667,-78.227195,84
8028,37.5636996357021,-77.47194883087629,60
8029,45.728722533995104,-121.820375417521,27
8030,45.7808638963937,-122.53093067625099,27
8031,47.6590031818182,-117.411458727273,12
8032,48.4719343,-122.35339579999999,85
8033,48.7533261,-122.48511640000001,85
8036,47.10749600000001,-122.62503899999999,0
8037,47.4801424,-122.20558600000001,133
8038,47.3844953,-122.1426915,133
8039,47.2620935555556,-122.445780424242,0
8040,46.20447446537379,-119.770633147027,67
8059,47.250289,-122.437927,0
8062,46.605064297582906,-120.500668831642,67
8065,43.0429687,-87.9201437,21
8068,43.0501017743752,-89.3919797327108,113
8074,42.5831542416945,-87.8197509130208,21
